"Twilight","Rise","Deleted","Marker","Inserted","Twilight3","Marker3"
2016-06-16 20:17:46.435089,FALSE,FALSE,0,FALSE,2016-06-16 20:17:46.435089,0
2016-06-17 03:43:31.564911,TRUE,FALSE,0,FALSE,2016-06-17 03:43:31.564911,0
2016-06-17 20:18:01.478662,FALSE,FALSE,0,FALSE,2016-06-17 20:18:01.478662,0
2016-06-18 03:43:31.564911,TRUE,FALSE,0,FALSE,2016-06-18 03:43:31.564911,0
2016-06-18 20:29:45.551669,FALSE,FALSE,0,FALSE,2016-06-18 20:29:45.551669,0
2016-06-19 03:33:47.561184,TRUE,FALSE,0,FALSE,2016-06-19 03:33:47.561184,0
2016-06-19 20:30:27.763812,FALSE,FALSE,0,FALSE,2016-06-19 20:30:27.763812,0
2016-06-20 03:33:47.561184,TRUE,FALSE,0,FALSE,2016-06-20 03:33:47.561184,0
2016-06-20 20:27:46.435089,FALSE,FALSE,0,FALSE,2016-06-20 20:27:46.435089,0
2016-06-21 03:38:47.561184,TRUE,FALSE,0,FALSE,2016-06-21 03:38:47.561184,0
2016-06-21 20:29:45.551669,FALSE,FALSE,0,FALSE,2016-06-21 20:29:45.551669,0
2016-06-22 03:41:32.448331,TRUE,FALSE,0,FALSE,2016-06-22 03:41:32.448331,0
2016-06-22 20:30:27.763812,FALSE,FALSE,0,FALSE,2016-06-22 20:30:27.763812,0
2016-06-23 03:38:47.561184,TRUE,FALSE,0,FALSE,2016-06-23 03:38:47.561184,0
2016-06-23 20:12:54.763198,FALSE,FALSE,0,FALSE,2016-06-23 20:12:54.763198,0
2016-06-24 03:48:31.564911,TRUE,FALSE,0,FALSE,2016-06-24 03:48:31.564911,0
2016-06-24 20:22:51.931994,FALSE,FALSE,0,FALSE,2016-06-24 20:22:51.931994,0
2016-06-25 03:50:50.236188,TRUE,FALSE,0,FALSE,2016-06-25 03:50:50.236188,0
2016-06-25 20:12:30.438816,FALSE,FALSE,0,FALSE,2016-06-25 20:12:30.438816,0
2016-06-26 03:50:27.867038,TRUE,FALSE,0,FALSE,2016-06-26 03:50:27.867038,0
2016-06-26 20:31:04.260457,FALSE,FALSE,0,FALSE,2016-06-26 20:31:04.260457,0
2016-06-27 03:59:56.478274,TRUE,FALSE,0,FALSE,2016-06-27 03:59:56.478274,0
2016-06-27 20:22:51.931994,FALSE,FALSE,0,FALSE,2016-06-27 20:22:51.931994,0
2016-06-28 03:51:32.448331,TRUE,FALSE,0,FALSE,2016-06-28 03:51:32.448331,0
2016-06-28 20:32:54.763198,FALSE,FALSE,0,FALSE,2016-06-28 20:32:54.763198,0
2016-06-29 03:48:20.282366,TRUE,FALSE,0,FALSE,2016-06-29 03:48:20.282366,0
2016-06-29 20:39:45.551669,FALSE,FALSE,0,FALSE,2016-06-29 20:39:45.551669,0
2016-06-30 03:48:26.068006,TRUE,FALSE,0,FALSE,2016-06-30 03:48:26.068006,0
2016-06-30 20:27:30.438816,FALSE,FALSE,0,FALSE,2016-06-30 20:27:30.438816,0
2016-07-01 03:53:47.561184,TRUE,FALSE,0,FALSE,2016-07-01 03:53:47.561184,0
2016-07-01 20:12:51.931994,FALSE,FALSE,0,FALSE,2016-07-01 20:12:51.931994,0
2016-07-02 03:53:47.561184,TRUE,FALSE,0,FALSE,2016-07-02 03:53:47.561184,0
2016-07-02 20:12:57.717634,FALSE,FALSE,0,FALSE,2016-07-02 20:12:57.717634,0
2016-07-03 03:50:50.236188,TRUE,FALSE,0,FALSE,2016-07-03 03:50:50.236188,0
2016-07-03 20:17:30.438816,FALSE,FALSE,0,FALSE,2016-07-03 20:17:30.438816,0
2016-07-04 03:46:32.448331,TRUE,FALSE,0,FALSE,2016-07-04 03:46:32.448331,0
2016-07-04 20:12:46.435089,FALSE,FALSE,0,FALSE,2016-07-04 20:12:46.435089,0
2016-07-05 03:43:47.561184,TRUE,FALSE,0,FALSE,2016-07-05 03:43:47.561184,0
2016-07-05 20:17:30.438816,FALSE,FALSE,0,FALSE,2016-07-05 20:17:30.438816,0
2016-07-06 03:48:31.564911,TRUE,FALSE,0,FALSE,2016-07-06 03:48:31.564911,0
2016-07-06 20:04:45.551669,FALSE,FALSE,0,FALSE,2016-07-06 20:04:45.551669,0
2016-07-07 04:08:23.236802,TRUE,FALSE,0,FALSE,2016-07-07 04:08:23.236802,0
2016-07-07 20:17:46.435089,FALSE,FALSE,0,FALSE,2016-07-07 20:17:46.435089,0
2016-07-08 04:00:27.867038,TRUE,FALSE,0,FALSE,2016-07-08 04:00:27.867038,0
2016-07-08 20:05:27.763812,FALSE,FALSE,0,FALSE,2016-07-08 20:05:27.763812,0
2016-07-09 03:53:23.236802,TRUE,FALSE,0,FALSE,2016-07-09 03:53:23.236802,0
2016-07-09 20:12:30.438816,FALSE,FALSE,0,FALSE,2016-07-09 20:12:30.438816,0
2016-07-10 03:59:42.200046,TRUE,FALSE,0,FALSE,2016-07-10 03:59:42.200046,0
2016-07-10 20:12:51.931994,FALSE,FALSE,0,FALSE,2016-07-10 20:12:51.931994,0
2016-07-11 03:58:21.484337,TRUE,FALSE,0,FALSE,2016-07-11 03:58:21.484337,0
2016-07-11 20:17:54.763198,FALSE,FALSE,0,FALSE,2016-07-11 20:17:54.763198,0
2016-07-12 04:03:17.728843,TRUE,FALSE,0,FALSE,2016-07-12 04:03:17.728843,0
2016-07-12 19:51:04.260457,FALSE,FALSE,0,FALSE,2016-07-12 19:51:04.260457,0
2016-07-13 04:18:47.561184,TRUE,FALSE,0,FALSE,2016-07-13 04:18:47.561184,0
2016-07-13 20:02:30.438816,FALSE,FALSE,0,FALSE,2016-07-13 20:02:30.438816,0
2016-07-14 04:15:50.590411,TRUE,FALSE,0,FALSE,2016-07-14 04:48:31.564911,0
2016-07-14 20:05:27.763812,FALSE,FALSE,0,FALSE,2016-07-14 20:05:27.763812,0
2016-07-15 04:04:29.602251,TRUE,FALSE,0,FALSE,2016-07-15 04:04:29.602251,0
2016-07-15 19:57:30.438816,FALSE,FALSE,0,FALSE,2016-07-15 19:57:30.438816,0
2016-07-16 04:08:26.068006,TRUE,FALSE,0,FALSE,2016-07-16 04:08:26.068006,0
2016-07-16 20:02:30.438816,FALSE,FALSE,0,FALSE,2016-07-16 20:02:30.438816,0
2016-07-17 04:05:50.236188,TRUE,FALSE,0,FALSE,2016-07-17 04:05:50.236188,0
2016-07-17 20:24:45.551669,FALSE,FALSE,0,FALSE,2016-07-17 20:24:45.551669,0
2016-07-18 04:04:19.317721,TRUE,FALSE,0,FALSE,2016-07-18 04:04:19.317721,0
2016-07-18 20:09:45.551669,FALSE,FALSE,0,FALSE,2016-07-18 20:09:45.551669,0
2016-07-19 04:23:47.561184,TRUE,FALSE,0,FALSE,2016-07-19 04:23:47.561184,0
2016-07-19 19:58:04.378706,FALSE,FALSE,0,FALSE,2016-07-19 19:58:04.378706,0
2016-07-20 04:08:20.282366,TRUE,FALSE,0,FALSE,2016-07-20 04:08:20.282366,0
2016-07-20 20:10:27.763812,FALSE,FALSE,0,FALSE,2016-07-20 20:10:27.763812,0
2016-07-21 04:11:32.448331,TRUE,FALSE,0,FALSE,2016-07-21 04:11:32.448331,0
2016-07-21 20:02:30.438816,FALSE,FALSE,0,FALSE,2016-07-21 20:02:30.438816,0
2016-07-22 04:13:31.564911,TRUE,FALSE,0,FALSE,2016-07-22 04:13:31.564911,0
2016-07-22 20:10:50.132962,FALSE,FALSE,0,FALSE,2016-07-22 20:10:50.132962,0
2016-07-23 04:31:32.448331,TRUE,FALSE,0,FALSE,2016-07-23 04:31:32.448331,0
2016-07-23 20:05:27.763812,FALSE,FALSE,0,FALSE,2016-07-23 20:05:27.763812,0
2016-07-24 04:15:13.739543,TRUE,FALSE,0,FALSE,2016-07-24 04:15:13.739543,0
2016-07-24 20:03:01.881821,FALSE,FALSE,0,FALSE,2016-07-24 20:03:01.881821,0
2016-07-25 04:20:50.236188,TRUE,FALSE,0,FALSE,2016-07-25 04:20:50.236188,0
2016-07-25 20:03:01.237653,FALSE,FALSE,0,FALSE,2016-07-25 20:03:01.237653,0
2016-07-26 04:45:27.867038,TRUE,FALSE,0,FALSE,2016-07-26 04:45:27.867038,0
2016-07-26 19:52:30.438816,FALSE,FALSE,0,FALSE,2016-07-26 19:52:30.438816,0
2016-07-27 04:30:50.236188,TRUE,FALSE,0,FALSE,2016-07-27 04:30:50.236188,0
2016-07-27 19:57:58.601496,FALSE,FALSE,0,FALSE,2016-07-27 19:57:58.601496,0
2016-07-28 04:23:26.068006,TRUE,FALSE,0,FALSE,2016-07-28 04:23:26.068006,0
2016-07-28 20:06:35.799954,FALSE,FALSE,0,FALSE,2016-07-28 20:06:35.799954,0
2016-07-29 04:49:36.129081,TRUE,FALSE,0,FALSE,2016-07-29 04:49:36.129081,0
2016-07-29 19:52:37.038497,FALSE,FALSE,0,FALSE,2016-07-29 17:35:27.763812,0
2016-07-30 04:51:31.719737,TRUE,FALSE,0,FALSE,2016-07-30 05:41:32.448331,0
2016-07-30 19:52:30.438816,FALSE,FALSE,0,FALSE,2016-07-30 19:52:30.438816,0
2016-07-31 05:01:32.448331,TRUE,FALSE,0,FALSE,2016-07-31 05:01:32.448331,0
2016-07-31 19:37:54.763198,FALSE,FALSE,0,FALSE,2016-07-31 19:37:54.763198,0
2016-08-01 05:05:50.236188,TRUE,FALSE,0,FALSE,2016-08-01 05:05:50.236188,0
2016-08-01 19:35:42.184697,FALSE,FALSE,0,FALSE,2016-08-01 18:52:30.438816,0
2016-08-02 05:05:50.590411,TRUE,FALSE,0,FALSE,2016-08-02 05:38:47.561184,0
2016-08-02 19:35:27.763812,FALSE,FALSE,0,FALSE,2016-08-02 19:35:27.763812,0
2016-08-03 04:50:50.236188,TRUE,FALSE,0,FALSE,2016-08-03 04:50:50.236188,0
2016-08-03 19:16:04.260457,FALSE,FALSE,0,FALSE,2016-08-03 19:16:04.260457,0
2016-08-04 05:11:32.448331,TRUE,FALSE,0,FALSE,2016-08-04 05:11:32.448331,0
2016-08-04 18:50:27.763812,FALSE,FALSE,0,FALSE,2016-08-04 18:50:27.763812,0
2016-08-05 04:40:27.867038,TRUE,FALSE,0,FALSE,2016-08-05 04:40:27.867038,0
2016-08-05 18:57:30.438816,FALSE,FALSE,0,FALSE,2016-08-05 18:57:30.438816,0
2016-08-06 05:09:38.934744,TRUE,FALSE,0,FALSE,2016-08-06 05:09:38.934744,0
2016-08-06 19:28:18.296287,FALSE,FALSE,0,FALSE,2016-08-06 18:23:00.644237,0
2016-08-07 05:17:45.701139,TRUE,FALSE,0,FALSE,2016-08-07 06:10:03.851755,0
2016-08-07 19:27:46.435089,FALSE,FALSE,0,FALSE,2016-08-07 19:27:46.435089,0
2016-08-08 05:08:16.118179,TRUE,FALSE,0,FALSE,2016-08-08 05:08:16.118179,0
2016-08-08 19:17:56.515663,FALSE,FALSE,0,FALSE,2016-08-08 19:17:56.515663,0
2016-08-09 05:14:57.237904,TRUE,FALSE,0,FALSE,2016-08-09 06:21:32.448331,0
2016-08-09 19:17:51.931994,FALSE,FALSE,0,FALSE,2016-08-09 19:17:51.931994,0
2016-08-10 05:08:47.561184,TRUE,FALSE,0,FALSE,2016-08-10 05:08:47.561184,0
2016-08-10 19:15:27.763812,FALSE,FALSE,0,FALSE,2016-08-10 19:15:27.763812,0
2016-08-11 05:08:47.561184,TRUE,FALSE,0,FALSE,2016-08-11 05:08:47.561184,0
2016-08-11 19:21:31.943408,FALSE,FALSE,0,FALSE,2016-08-11 19:21:31.943408,0
2016-08-12 05:09:33.68102,TRUE,FALSE,0,FALSE,2016-08-12 05:09:33.68102,0
2016-08-12 18:49:45.551669,FALSE,FALSE,0,FALSE,2016-08-12 18:49:45.551669,0
2016-08-13 05:48:21.484337,TRUE,FALSE,0,FALSE,2016-08-13 05:48:21.484337,0
2016-08-13 19:07:54.763198,FALSE,FALSE,0,FALSE,2016-08-13 19:07:54.763198,0
2016-08-14 05:49:56.478274,TRUE,FALSE,0,FALSE,2016-08-14 05:49:56.478274,0
2016-08-14 19:00:27.763812,FALSE,FALSE,0,FALSE,2016-08-14 19:00:27.763812,0
2016-08-15 05:41:11.219306,TRUE,FALSE,0,FALSE,2016-08-15 06:49:23.597783,0
2016-08-15 19:01:04.260457,FALSE,FALSE,0,FALSE,2016-08-15 19:01:04.260457,0
2016-08-16 05:29:36.129081,TRUE,FALSE,0,FALSE,2016-08-16 05:29:36.129081,0
2016-08-16 18:34:45.551669,FALSE,FALSE,0,FALSE,2016-08-16 18:34:45.551669,0
2016-08-17 05:25:27.867038,TRUE,FALSE,0,FALSE,2016-08-17 05:25:27.867038,0
2016-08-17 18:52:30.438816,FALSE,FALSE,0,FALSE,2016-08-17 18:52:30.438816,0
2016-08-18 05:46:32.448331,TRUE,FALSE,0,FALSE,2016-08-18 05:46:32.448331,0
2016-08-18 18:47:53.464535,FALSE,FALSE,0,FALSE,2016-08-18 16:25:50.132962,0
2016-08-19 05:50:50.236188,TRUE,FALSE,0,FALSE,2016-08-19 05:50:50.236188,0
2016-08-19 18:52:30.438816,FALSE,FALSE,0,FALSE,2016-08-19 18:52:30.438816,0
2016-08-20 05:40:13.739543,TRUE,FALSE,0,FALSE,2016-08-20 05:40:13.739543,0
2016-08-20 18:45:46.25909,FALSE,FALSE,0,FALSE,2016-08-20 17:44:45.551669,0
2016-08-21 05:44:06.41962,TRUE,FALSE,0,FALSE,2016-08-21 05:44:06.41962,0
2016-08-21 18:24:45.551669,FALSE,FALSE,0,FALSE,2016-08-21 18:24:45.551669,0
2016-08-22 05:25:50.236188,TRUE,FALSE,0,FALSE,2016-08-22 05:25:50.236188,0
2016-08-22 18:46:04.260457,FALSE,FALSE,0,FALSE,2016-08-22 18:46:04.260457,0
2016-08-23 05:48:19.398504,TRUE,FALSE,0,FALSE,2016-08-23 05:48:19.398504,0
2016-08-23 18:56:27.286704,FALSE,FALSE,0,FALSE,2016-08-23 18:56:27.286704,0
2016-08-24 06:04:31.524276,TRUE,FALSE,0,FALSE,2016-08-24 06:04:31.524276,0
2016-08-24 18:50:17.481409,FALSE,FALSE,0,FALSE,2016-08-24 17:44:45.551669,0
2016-08-25 06:05:13.739543,TRUE,FALSE,0,FALSE,2016-08-25 06:05:13.739543,0
2016-08-25 18:47:13.965198,FALSE,FALSE,0,FALSE,2016-08-25 18:47:13.965198,0
2016-08-26 06:06:32.448331,TRUE,FALSE,0,FALSE,2016-08-26 06:06:32.448331,0
2016-08-26 18:18:22.499144,FALSE,FALSE,0,FALSE,2016-08-26 17:52:46.435089,0
2016-08-27 05:48:47.561184,TRUE,FALSE,0,FALSE,2016-08-27 05:48:47.561184,0
2016-08-27 18:15:27.763812,FALSE,FALSE,0,FALSE,2016-08-27 18:15:27.763812,0
2016-08-28 05:20:50.236188,TRUE,FALSE,0,FALSE,2016-08-28 05:20:50.236188,0
2016-08-28 18:25:50.132962,FALSE,FALSE,0,FALSE,2016-08-28 18:25:50.132962,0
2016-08-29 05:19:16.108578,TRUE,FALSE,0,FALSE,2016-08-29 06:08:31.564911,0
2016-08-29 18:37:30.438816,FALSE,FALSE,0,FALSE,2016-08-29 18:37:30.438816,0
2016-08-30 05:14:04.514606,TRUE,FALSE,0,FALSE,2016-08-30 05:14:04.514606,0
2016-08-30 18:26:19.111166,FALSE,FALSE,0,FALSE,2016-08-30 17:17:17.242188,0
2016-08-31 05:30:03.851755,TRUE,FALSE,0,FALSE,2016-08-31 05:30:03.851755,0
2016-08-31 18:31:14.148245,FALSE,FALSE,0,FALSE,2016-08-31 18:31:14.148245,0
2016-09-01 05:46:11.090842,TRUE,FALSE,0,FALSE,2016-09-01 05:59:50.713296,0
2016-09-01 18:28:42.871112,FALSE,FALSE,0,FALSE,2016-09-01 16:47:30.438816,0
2016-09-02 05:34:56.478274,TRUE,FALSE,0,FALSE,2016-09-02 05:34:56.478274,0
2016-09-02 18:32:46.435089,FALSE,FALSE,0,FALSE,2016-09-02 18:32:46.435089,0
2016-09-03 05:28:31.564911,TRUE,FALSE,0,FALSE,2016-09-03 05:28:31.564911,0
2016-09-03 18:39:45.551669,FALSE,FALSE,0,FALSE,2016-09-03 18:39:45.551669,0
2016-09-04 05:38:47.561184,TRUE,FALSE,0,FALSE,2016-09-04 05:38:47.561184,0
2016-09-04 18:11:52.091705,FALSE,FALSE,0,FALSE,2016-09-04 17:44:45.551669,0
2016-09-05 05:45:27.867038,TRUE,FALSE,0,FALSE,2016-09-05 05:45:27.867038,0
2016-09-05 18:10:50.132962,FALSE,FALSE,0,FALSE,2016-09-05 18:10:50.132962,0
2016-09-06 05:45:50.236188,TRUE,FALSE,0,FALSE,2016-09-06 05:45:50.236188,0
2016-09-06 18:19:45.551669,FALSE,FALSE,0,FALSE,2016-09-06 18:19:45.551669,0
2016-09-07 06:09:50.713296,TRUE,FALSE,0,FALSE,2016-09-07 06:09:50.713296,0
2016-09-07 18:20:21.684266,FALSE,FALSE,0,FALSE,2016-09-07 17:55:50.132962,0
2016-09-08 06:28:47.561184,TRUE,FALSE,0,FALSE,2016-09-08 06:28:47.561184,0
2016-09-08 18:41:27.286704,FALSE,FALSE,0,FALSE,2016-09-08 18:41:27.286704,0
2016-09-09 06:13:31.564911,TRUE,FALSE,0,FALSE,2016-09-09 06:13:31.564911,0
2016-09-09 18:49:45.551669,FALSE,FALSE,0,FALSE,2016-09-09 18:49:45.551669,0
2016-09-10 06:23:16.521338,TRUE,FALSE,0,FALSE,2016-09-10 06:23:16.521338,0
2016-09-10 18:21:31.943408,FALSE,FALSE,0,FALSE,2016-09-10 18:21:31.943408,0
2016-09-11 06:35:50.236188,TRUE,FALSE,0,FALSE,2016-09-11 06:35:50.236188,0
2016-09-11 18:46:21.521726,FALSE,FALSE,0,FALSE,2016-09-11 18:46:21.521726,0
2016-09-12 06:25:13.739543,TRUE,FALSE,0,FALSE,2016-09-12 06:25:13.739543,0
2016-09-12 19:06:21.521726,FALSE,FALSE,0,FALSE,2016-09-12 19:06:21.521726,0
2016-09-13 06:24:07.367065,TRUE,FALSE,0,FALSE,2016-09-13 06:24:07.367065,0
2016-09-13 18:53:02.902277,FALSE,FALSE,0,FALSE,2016-09-13 18:53:02.902277,0
2016-09-14 06:21:32.448331,TRUE,FALSE,0,FALSE,2016-09-14 06:21:32.448331,0
2016-09-14 18:42:53.592999,FALSE,FALSE,0,FALSE,2016-09-14 17:14:45.551669,0
2016-09-15 06:41:32.448331,TRUE,FALSE,0,FALSE,2016-09-15 06:41:32.448331,0
2016-09-15 18:38:10.1475,FALSE,FALSE,0,FALSE,2016-09-15 18:00:27.763812,0
2016-09-16 06:34:14.076134,TRUE,FALSE,0,FALSE,2016-09-16 06:34:14.076134,0
2016-09-16 18:41:14.148245,FALSE,FALSE,0,FALSE,2016-09-16 18:41:14.148245,0
2016-09-17 06:19:46.056592,TRUE,FALSE,0,FALSE,2016-09-17 06:19:46.056592,0
2016-09-17 18:02:30.438816,FALSE,FALSE,0,FALSE,2016-09-17 18:02:30.438816,0
2016-09-18 06:29:50.713296,TRUE,FALSE,0,FALSE,2016-09-18 06:29:50.713296,0
2016-09-18 18:15:21.684266,FALSE,FALSE,0,FALSE,2016-09-18 17:51:35.799954,0
2016-09-19 06:29:23.597783,TRUE,FALSE,0,FALSE,2016-09-19 06:29:23.597783,0
2016-09-19 18:17:30.438816,FALSE,FALSE,0,FALSE,2016-09-19 18:17:30.438816,0
2016-09-20 06:16:32.448331,TRUE,FALSE,0,FALSE,2016-09-20 06:16:32.448331,0
2016-09-20 18:31:21.521726,FALSE,FALSE,0,FALSE,2016-09-20 18:31:21.521726,0
2016-09-21 06:21:32.448331,TRUE,FALSE,0,FALSE,2016-09-21 06:21:32.448331,0
2016-09-21 18:21:04.260457,FALSE,FALSE,0,FALSE,2016-09-21 18:21:04.260457,0
2016-09-22 06:16:32.448331,TRUE,FALSE,0,FALSE,2016-09-22 06:16:32.448331,0
2016-09-22 18:11:27.286704,FALSE,FALSE,0,FALSE,2016-09-22 18:11:27.286704,0
2016-09-23 06:24:36.129081,TRUE,FALSE,0,FALSE,2016-09-23 06:24:36.129081,0
2016-09-23 18:39:45.551669,FALSE,FALSE,0,FALSE,2016-09-23 18:39:45.551669,0
2016-09-24 06:28:18.174535,TRUE,FALSE,0,FALSE,2016-09-24 06:28:18.174535,0
2016-09-24 18:26:14.148245,FALSE,FALSE,0,FALSE,2016-09-24 18:26:14.148245,0
2016-09-25 06:21:32.448331,TRUE,FALSE,0,FALSE,2016-09-25 06:21:32.448331,0
2016-09-25 18:28:18.296287,FALSE,FALSE,0,FALSE,2016-09-25 17:22:46.435089,0
2016-09-26 06:33:47.561184,TRUE,FALSE,0,FALSE,2016-09-26 06:33:47.561184,0
2016-09-26 18:35:27.763812,FALSE,FALSE,0,FALSE,2016-09-26 18:35:27.763812,0
2016-09-27 06:15:13.739543,TRUE,FALSE,0,FALSE,2016-09-27 06:15:13.739543,0
2016-09-27 18:46:14.148245,FALSE,FALSE,0,FALSE,2016-09-27 18:46:14.148245,0
2016-09-28 06:10:50.236188,TRUE,FALSE,0,FALSE,2016-09-28 06:10:50.236188,0
2016-09-28 18:36:27.286704,FALSE,FALSE,0,FALSE,2016-09-28 18:36:27.286704,0
2016-09-29 06:20:27.867038,TRUE,FALSE,0,FALSE,2016-09-29 06:20:27.867038,0
2016-09-29 18:04:45.551669,FALSE,FALSE,0,FALSE,2016-09-29 18:04:45.551669,0
2016-09-30 06:44:46.056592,TRUE,FALSE,0,FALSE,2016-09-30 06:44:46.056592,0
2016-09-30 18:29:45.551669,FALSE,FALSE,0,FALSE,2016-09-30 18:29:45.551669,0
2016-10-01 06:30:46.516018,TRUE,FALSE,0,FALSE,2016-10-01 07:20:27.867038,0
2016-10-01 18:26:56.702642,FALSE,FALSE,0,FALSE,2016-10-01 18:26:56.702642,0
2016-10-02 06:20:03.851755,TRUE,FALSE,0,FALSE,2016-10-02 06:20:03.851755,0
2016-10-02 18:11:21.521726,FALSE,FALSE,0,FALSE,2016-10-02 18:11:21.521726,0
2016-10-03 06:20:50.236188,TRUE,FALSE,0,FALSE,2016-10-03 06:20:50.236188,0
2016-10-03 18:18:02.207514,FALSE,FALSE,0,FALSE,2016-10-03 18:18:02.207514,0
2016-10-04 06:26:32.448331,TRUE,FALSE,0,FALSE,2016-10-04 06:26:32.448331,0
2016-10-04 18:24:15.851651,FALSE,FALSE,0,FALSE,2016-10-04 17:27:09.211905,0
2016-10-05 06:35:50.236188,TRUE,FALSE,0,FALSE,2016-10-05 06:35:50.236188,0
2016-10-05 18:24:45.551669,FALSE,FALSE,0,FALSE,2016-10-05 18:24:45.551669,0
2016-10-06 06:26:32.448331,TRUE,FALSE,0,FALSE,2016-10-06 06:26:32.448331,0
2016-10-06 18:05:27.763812,FALSE,FALSE,0,FALSE,2016-10-06 18:05:27.763812,0
2016-10-07 06:34:00.142294,TRUE,FALSE,0,FALSE,2016-10-07 06:34:00.142294,0
2016-10-07 17:46:35.799954,FALSE,FALSE,0,FALSE,2016-10-07 17:46:35.799954,0
2016-10-08 06:31:32.448331,TRUE,FALSE,0,FALSE,2016-10-08 06:31:32.448331,0
2016-10-08 17:35:50.132962,FALSE,FALSE,0,FALSE,2016-10-08 17:35:50.132962,0
2016-10-09 06:56:39.868525,TRUE,FALSE,0,FALSE,2016-10-09 07:15:50.236188,0
2016-10-09 18:02:46.435089,FALSE,FALSE,0,FALSE,2016-10-09 18:02:46.435089,0
2016-10-10 06:42:25.072244,TRUE,FALSE,0,FALSE,2016-10-10 07:01:32.448331,0
2016-10-10 18:06:48.397749,FALSE,FALSE,0,FALSE,2016-10-10 18:06:48.397749,0
2016-10-11 06:25:50.236188,TRUE,FALSE,0,FALSE,2016-10-11 06:25:50.236188,0
2016-10-11 17:40:27.763812,FALSE,FALSE,0,FALSE,2016-10-11 17:40:27.763812,0
2016-10-12 06:59:19.317721,TRUE,FALSE,0,FALSE,2016-10-12 06:59:19.317721,0
2016-10-12 17:56:35.794131,FALSE,FALSE,0,FALSE,2016-10-12 18:29:45.551669,0
2016-10-13 06:48:47.561184,TRUE,FALSE,0,FALSE,2016-10-13 06:48:47.561184,0
2016-10-13 18:17:57.92432,FALSE,FALSE,0,FALSE,2016-10-13 16:20:50.132962,0
2016-10-14 06:58:18.174535,TRUE,FALSE,0,FALSE,2016-10-14 06:58:18.174535,0
2016-10-14 18:03:10.019037,FALSE,FALSE,0,FALSE,2016-10-14 16:29:45.551669,0
2016-10-15 06:51:32.448331,TRUE,FALSE,0,FALSE,2016-10-15 06:51:32.448331,0
2016-10-15 18:10:27.763812,FALSE,FALSE,0,FALSE,2016-10-15 18:10:27.763812,0
2016-10-16 07:13:14.178161,TRUE,FALSE,0,FALSE,2016-10-16 07:13:14.178161,0
2016-10-16 17:52:30.438816,FALSE,FALSE,0,FALSE,2016-10-16 17:52:30.438816,0
2016-10-17 06:50:27.867038,TRUE,FALSE,0,FALSE,2016-10-17 06:50:27.867038,0
2016-10-17 17:52:30.438816,FALSE,FALSE,0,FALSE,2016-10-17 17:52:30.438816,0
2016-10-18 06:58:21.484337,TRUE,FALSE,0,FALSE,2016-10-18 06:58:21.484337,0
2016-10-18 18:06:14.148245,FALSE,FALSE,0,FALSE,2016-10-18 18:06:14.148245,0
2016-10-19 07:19:23.597783,TRUE,FALSE,0,FALSE,2016-10-19 07:19:23.597783,0
2016-10-19 17:51:39.065256,FALSE,FALSE,0,FALSE,2016-10-19 17:51:39.065256,0
2016-10-20 06:58:31.564911,TRUE,FALSE,0,FALSE,2016-10-20 06:58:31.564911,0
2016-10-20 18:02:46.435089,FALSE,FALSE,0,FALSE,2016-10-20 18:02:46.435089,0
2016-10-21 06:59:29.602251,TRUE,FALSE,0,FALSE,2016-10-21 06:59:29.602251,0
2016-10-21 17:49:45.551669,FALSE,FALSE,0,FALSE,2016-10-21 17:49:45.551669,0
2016-10-22 07:10:21.812729,TRUE,FALSE,0,FALSE,2016-10-22 07:38:47.561184,0
2016-10-22 17:49:45.551669,FALSE,FALSE,0,FALSE,2016-10-22 17:49:45.551669,0
2016-10-23 07:10:50.236188,TRUE,FALSE,0,FALSE,2016-10-23 07:10:50.236188,0
2016-10-23 17:31:04.260457,FALSE,FALSE,0,FALSE,2016-10-23 17:31:04.260457,0
2016-10-24 07:15:50.236188,TRUE,FALSE,0,FALSE,2016-10-24 07:15:50.236188,0
2016-10-24 17:36:31.943408,FALSE,FALSE,0,FALSE,2016-10-24 17:36:31.943408,0
2016-10-25 07:05:13.739543,TRUE,FALSE,0,FALSE,2016-10-25 07:05:13.739543,0
2016-10-25 17:32:30.438816,FALSE,FALSE,0,FALSE,2016-10-25 17:32:30.438816,0
2016-10-26 07:19:21.297358,TRUE,FALSE,0,FALSE,2016-10-26 07:19:21.297358,0
2016-10-26 17:41:21.521726,FALSE,FALSE,0,FALSE,2016-10-26 17:41:21.521726,0
2016-10-27 07:25:50.236188,TRUE,FALSE,0,FALSE,2016-10-27 07:25:50.236188,0
2016-10-27 17:41:04.260457,FALSE,FALSE,0,FALSE,2016-10-27 17:41:04.260457,0
2016-10-28 07:15:13.739543,TRUE,FALSE,0,FALSE,2016-10-28 07:15:13.739543,0
2016-10-28 17:44:45.551669,FALSE,FALSE,0,FALSE,2016-10-28 17:44:45.551669,0
2016-10-29 07:21:32.448331,TRUE,FALSE,0,FALSE,2016-10-29 07:21:32.448331,0
2016-10-29 17:39:45.551669,FALSE,FALSE,0,FALSE,2016-10-29 17:39:45.551669,0
2016-10-30 07:09:29.602251,TRUE,FALSE,0,FALSE,2016-10-30 07:09:29.602251,0
2016-10-30 17:32:51.931994,FALSE,FALSE,0,FALSE,2016-10-30 17:32:51.931994,0
2016-10-31 07:20:27.867038,TRUE,FALSE,0,FALSE,2016-10-31 07:20:27.867038,0
2016-10-31 17:37:15.467626,FALSE,FALSE,0,FALSE,2016-10-31 17:37:15.467626,0
2016-11-01 06:58:47.561184,TRUE,FALSE,0,FALSE,2016-11-01 06:58:47.561184,0
2016-11-01 17:35:27.763812,FALSE,FALSE,0,FALSE,2016-11-01 17:35:27.763812,0
2016-11-02 07:08:47.330896,TRUE,FALSE,0,FALSE,2016-11-02 07:55:50.236188,0
2016-11-02 17:16:04.260457,FALSE,FALSE,0,FALSE,2016-11-02 17:16:04.260457,0
2016-11-03 07:03:23.236802,TRUE,FALSE,0,FALSE,2016-11-03 07:03:23.236802,0
2016-11-03 17:26:21.521726,FALSE,FALSE,0,FALSE,2016-11-03 17:26:21.521726,0
2016-11-04 07:05:50.236188,TRUE,FALSE,0,FALSE,2016-11-04 07:05:50.236188,0
2016-11-04 17:36:31.943408,FALSE,FALSE,0,FALSE,2016-11-04 17:36:31.943408,0
2016-11-05 07:04:56.478274,TRUE,FALSE,0,FALSE,2016-11-05 07:04:56.478274,0
2016-11-05 17:44:45.551669,FALSE,FALSE,0,FALSE,2016-11-05 17:44:45.551669,0
2016-11-06 07:06:32.448331,TRUE,FALSE,0,FALSE,2016-11-06 07:06:32.448331,0
2016-11-06 17:31:50.121927,FALSE,FALSE,0,FALSE,2016-11-06 17:31:50.121927,0
2016-11-07 07:05:27.867038,TRUE,FALSE,0,FALSE,2016-11-07 07:05:27.867038,0
2016-11-07 17:35:50.132962,FALSE,FALSE,0,FALSE,2016-11-07 17:35:50.132962,0
2016-11-08 07:06:32.448331,TRUE,FALSE,0,FALSE,2016-11-08 07:06:32.448331,0
2016-11-08 17:20:50.132962,FALSE,FALSE,0,FALSE,2016-11-08 17:20:50.132962,0
2016-11-09 07:11:32.448331,TRUE,FALSE,0,FALSE,2016-11-09 07:11:32.448331,0
2016-11-09 17:29:45.551669,FALSE,FALSE,0,FALSE,2016-11-09 17:29:45.551669,0
2016-11-10 07:25:27.867038,TRUE,FALSE,0,FALSE,2016-11-10 07:25:27.867038,0
2016-11-10 17:13:03.293611,FALSE,FALSE,0,FALSE,2016-11-10 17:13:03.293611,0
2016-11-11 07:13:47.561184,TRUE,FALSE,0,FALSE,2016-11-11 07:13:47.561184,0
2016-11-11 17:26:04.260457,FALSE,FALSE,0,FALSE,2016-11-11 17:26:04.260457,0
2016-11-12 07:18:23.236802,TRUE,FALSE,0,FALSE,2016-11-12 07:18:23.236802,0
2016-11-12 17:29:52.906584,FALSE,FALSE,0,FALSE,2016-11-12 17:02:51.931994,0
2016-11-13 07:03:16.521338,TRUE,FALSE,0,FALSE,2016-11-13 07:03:16.521338,0
2016-11-13 17:36:04.260457,FALSE,FALSE,0,FALSE,2016-11-13 17:36:04.260457,0
2016-11-14 07:03:16.762347,TRUE,FALSE,0,FALSE,2016-11-14 07:03:16.762347,0
2016-11-14 17:52:30.438816,FALSE,FALSE,0,FALSE,2016-11-14 17:52:30.438816,0
2016-11-15 06:50:13.739543,TRUE,FALSE,0,FALSE,2016-11-15 06:50:13.739543,0
2016-11-15 17:41:04.260457,FALSE,FALSE,0,FALSE,2016-11-15 17:41:04.260457,0
2016-11-16 07:00:50.236188,TRUE,FALSE,0,FALSE,2016-11-16 07:00:50.236188,0
2016-11-16 17:50:27.763812,FALSE,FALSE,0,FALSE,2016-11-16 17:50:27.763812,0
2016-11-17 06:55:27.867038,TRUE,FALSE,0,FALSE,2016-11-17 06:55:27.867038,0
2016-11-17 17:41:27.286704,FALSE,FALSE,0,FALSE,2016-11-17 17:41:27.286704,0
2016-11-18 07:11:32.448331,TRUE,FALSE,0,FALSE,2016-11-18 07:11:32.448331,0
2016-11-18 17:29:45.551669,FALSE,FALSE,0,FALSE,2016-11-18 17:29:45.551669,0
2016-11-19 07:08:18.717551,TRUE,FALSE,0,FALSE,2016-11-19 07:08:18.717551,0
2016-11-19 17:34:45.551669,FALSE,FALSE,0,FALSE,2016-11-19 17:34:45.551669,0
2016-11-20 07:18:23.236802,TRUE,FALSE,0,FALSE,2016-11-20 07:18:23.236802,0
2016-11-20 17:22:30.438816,FALSE,FALSE,0,FALSE,2016-11-20 17:22:30.438816,0
2016-11-21 07:13:26.068006,TRUE,FALSE,0,FALSE,2016-11-21 07:13:26.068006,0
2016-11-21 17:21:14.148245,FALSE,FALSE,0,FALSE,2016-11-21 17:21:14.148245,0
2016-11-22 07:23:47.561184,TRUE,FALSE,0,FALSE,2016-11-22 07:23:47.561184,0
2016-11-22 17:29:45.551669,FALSE,FALSE,0,FALSE,2016-11-22 17:29:45.551669,0
2016-11-23 07:20:03.851755,TRUE,FALSE,0,FALSE,2016-11-23 07:20:03.851755,0
2016-11-23 17:25:27.763812,FALSE,FALSE,0,FALSE,2016-11-23 17:25:27.763812,0
2016-11-24 07:34:29.602251,TRUE,FALSE,0,FALSE,2016-11-24 07:34:29.602251,0
2016-11-24 17:19:45.551669,FALSE,FALSE,0,FALSE,2016-11-24 17:19:45.551669,0
2016-11-25 07:28:26.068006,TRUE,FALSE,0,FALSE,2016-11-25 07:28:26.068006,0
2016-11-25 17:25:27.763812,FALSE,FALSE,0,FALSE,2016-11-25 17:25:27.763812,0
2016-11-26 07:30:03.851755,TRUE,FALSE,0,FALSE,2016-11-26 07:30:03.851755,0
2016-11-26 17:27:51.931994,FALSE,FALSE,0,FALSE,2016-11-26 17:27:51.931994,0
2016-11-27 07:15:13.739543,TRUE,FALSE,0,FALSE,2016-11-27 07:15:13.739543,0
2016-11-27 17:26:04.260457,FALSE,FALSE,0,FALSE,2016-11-27 17:26:04.260457,0
2016-11-28 07:18:23.236802,TRUE,FALSE,0,FALSE,2016-11-28 07:18:23.236802,0
2016-11-28 17:27:46.435089,FALSE,FALSE,0,FALSE,2016-11-28 17:27:46.435089,0
2016-11-29 07:20:50.236188,TRUE,FALSE,0,FALSE,2016-11-29 07:20:50.236188,0
2016-11-29 17:26:14.148245,FALSE,FALSE,0,FALSE,2016-11-29 17:26:14.148245,0
2016-11-30 07:25:13.739543,TRUE,FALSE,0,FALSE,2016-11-30 07:25:13.739543,0
2016-11-30 17:29:45.551669,FALSE,FALSE,0,FALSE,2016-11-30 17:29:45.551669,0
2016-12-01 07:34:05.284651,TRUE,FALSE,0,FALSE,2016-12-01 07:34:05.284651,0
2016-12-01 17:39:45.551669,FALSE,FALSE,0,FALSE,2016-12-01 17:39:45.551669,0
2016-12-02 07:24:18.425466,TRUE,FALSE,0,FALSE,2016-12-02 07:24:18.425466,0
2016-12-02 17:35:50.132962,FALSE,FALSE,0,FALSE,2016-12-02 17:35:50.132962,0
2016-12-03 07:24:42.200046,TRUE,FALSE,0,FALSE,2016-12-03 07:24:42.200046,0
2016-12-03 17:27:46.435089,FALSE,FALSE,0,FALSE,2016-12-03 17:27:46.435089,0
2016-12-04 07:20:13.739543,TRUE,FALSE,0,FALSE,2016-12-04 07:20:13.739543,0
2016-12-04 17:37:46.435089,FALSE,FALSE,0,FALSE,2016-12-04 17:37:46.435089,0
2016-12-05 07:23:21.484337,TRUE,FALSE,0,FALSE,2016-12-05 07:23:21.484337,0
2016-12-05 17:31:14.148245,FALSE,FALSE,0,FALSE,2016-12-05 17:31:14.148245,0
2016-12-06 07:16:32.448331,TRUE,FALSE,0,FALSE,2016-12-06 07:16:32.448331,0
2016-12-06 17:37:51.931994,FALSE,FALSE,0,FALSE,2016-12-06 17:37:51.931994,0
2016-12-07 07:23:20.282366,TRUE,FALSE,0,FALSE,2016-12-07 07:23:20.282366,0
2016-12-07 17:30:27.763812,FALSE,FALSE,0,FALSE,2016-12-07 17:30:27.763812,0
2016-12-08 07:23:47.561184,TRUE,FALSE,0,FALSE,2016-12-08 07:23:47.561184,0
2016-12-08 17:30:27.763812,FALSE,FALSE,0,FALSE,2016-12-08 17:30:27.763812,0
2016-12-09 07:26:32.448331,TRUE,FALSE,0,FALSE,2016-12-09 07:26:32.448331,0
2016-12-09 17:25:27.763812,FALSE,FALSE,0,FALSE,2016-12-09 17:25:27.763812,0
2016-12-10 07:41:32.448331,TRUE,FALSE,0,FALSE,2016-12-10 07:41:32.448331,0
2016-12-10 17:22:46.435089,FALSE,FALSE,0,FALSE,2016-12-10 17:22:46.435089,0
2016-12-11 07:43:31.564911,TRUE,FALSE,0,FALSE,2016-12-11 07:43:31.564911,0
2016-12-11 17:26:27.286704,FALSE,FALSE,0,FALSE,2016-12-11 17:26:27.286704,0
2016-12-12 07:43:47.561184,TRUE,FALSE,0,FALSE,2016-12-12 07:43:47.561184,0
2016-12-12 17:32:46.435089,FALSE,FALSE,0,FALSE,2016-12-12 17:32:46.435089,0
2016-12-13 07:48:31.564911,TRUE,FALSE,0,FALSE,2016-12-13 07:48:31.564911,0
2016-12-13 17:19:45.551669,FALSE,FALSE,0,FALSE,2016-12-13 17:19:45.551669,0
2016-12-14 07:35:50.236188,TRUE,FALSE,0,FALSE,2016-12-14 07:35:50.236188,0
2016-12-14 17:22:59.825465,FALSE,FALSE,0,FALSE,2016-12-14 17:22:59.825465,0
2016-12-15 07:35:27.867038,TRUE,FALSE,0,FALSE,2016-12-15 07:35:27.867038,0
2016-12-15 17:06:21.521726,FALSE,FALSE,0,FALSE,2016-12-15 17:06:21.521726,0
2016-12-16 07:51:32.448331,TRUE,FALSE,0,FALSE,2016-12-16 07:51:32.448331,0
2016-12-16 17:06:27.286704,FALSE,FALSE,0,FALSE,2016-12-16 17:06:27.286704,0
2016-12-17 07:58:47.561184,TRUE,FALSE,0,FALSE,2016-12-17 07:58:47.561184,0
2016-12-17 17:24:45.551669,FALSE,FALSE,0,FALSE,2016-12-17 17:24:45.551669,0
2016-12-18 07:43:16.118179,TRUE,FALSE,0,FALSE,2016-12-18 07:43:16.118179,0
2016-12-18 17:25:27.763812,FALSE,FALSE,0,FALSE,2016-12-18 17:25:27.763812,0
2016-12-19 07:40:27.867038,TRUE,FALSE,0,FALSE,2016-12-19 07:40:27.867038,0
2016-12-19 17:17:54.763198,FALSE,FALSE,0,FALSE,2016-12-19 17:17:54.763198,0
2016-12-20 07:40:50.236188,TRUE,FALSE,0,FALSE,2016-12-20 07:40:50.236188,0
2016-12-20 17:44:45.551669,FALSE,FALSE,0,FALSE,2016-12-20 17:44:45.551669,0
2016-12-21 07:40:50.236188,TRUE,FALSE,0,FALSE,2016-12-21 07:40:50.236188,0
2016-12-21 17:35:50.132962,FALSE,FALSE,0,FALSE,2016-12-21 17:35:50.132962,0
2016-12-22 07:43:15.009268,TRUE,FALSE,0,FALSE,2016-12-22 07:43:15.009268,0
2016-12-22 17:15:50.132962,FALSE,FALSE,0,FALSE,2016-12-22 17:15:50.132962,0
2016-12-23 07:45:21.812729,TRUE,FALSE,0,FALSE,2016-12-23 08:15:50.236188,0
2016-12-23 17:20:50.132962,FALSE,FALSE,0,FALSE,2016-12-23 17:20:50.132962,0
2016-12-24 08:01:32.448331,TRUE,FALSE,0,FALSE,2016-12-24 08:01:32.448331,0
2016-12-24 17:34:45.551669,FALSE,FALSE,0,FALSE,2016-12-24 17:34:45.551669,0
2016-12-25 07:43:21.484337,TRUE,FALSE,0,FALSE,2016-12-25 07:43:21.484337,0
2016-12-25 17:25:27.763812,FALSE,FALSE,0,FALSE,2016-12-25 17:25:27.763812,0
2016-12-26 07:43:47.561184,TRUE,FALSE,0,FALSE,2016-12-26 07:43:47.561184,0
2016-12-26 17:34:45.551669,FALSE,FALSE,0,FALSE,2016-12-26 17:34:45.551669,0
2016-12-27 07:43:26.068006,TRUE,FALSE,0,FALSE,2016-12-27 07:43:26.068006,0
2016-12-27 17:32:46.435089,FALSE,FALSE,0,FALSE,2016-12-27 17:32:46.435089,0
2016-12-28 07:46:32.448331,TRUE,FALSE,0,FALSE,2016-12-28 07:46:32.448331,0
2016-12-28 17:32:46.435089,FALSE,FALSE,0,FALSE,2016-12-28 17:32:46.435089,0
2016-12-29 07:48:47.561184,TRUE,FALSE,0,FALSE,2016-12-29 07:48:47.561184,0
2016-12-29 17:39:45.551669,FALSE,FALSE,0,FALSE,2016-12-29 17:39:45.551669,0
2016-12-30 07:40:50.236188,TRUE,FALSE,0,FALSE,2016-12-30 07:40:50.236188,0
2016-12-30 17:34:45.551669,FALSE,FALSE,0,FALSE,2016-12-30 17:34:45.551669,0
2016-12-31 07:45:50.236188,TRUE,FALSE,0,FALSE,2016-12-31 07:45:50.236188,0
2016-12-31 17:34:45.551669,FALSE,FALSE,0,FALSE,2016-12-31 17:34:45.551669,0
2017-01-01 07:48:31.564911,TRUE,FALSE,0,FALSE,2017-01-01 07:48:31.564911,0
2017-01-01 17:34:45.551669,FALSE,FALSE,0,FALSE,2017-01-01 17:34:45.551669,0
2017-01-02 07:45:50.236188,TRUE,FALSE,0,FALSE,2017-01-02 07:45:50.236188,0
2017-01-02 17:44:45.551669,FALSE,FALSE,0,FALSE,2017-01-02 17:44:45.551669,0
2017-01-03 07:44:38.934744,TRUE,FALSE,0,FALSE,2017-01-03 07:44:38.934744,0
2017-01-03 17:37:46.435089,FALSE,FALSE,0,FALSE,2017-01-03 17:37:46.435089,0
2017-01-04 07:45:50.236188,TRUE,FALSE,0,FALSE,2017-01-04 07:45:50.236188,0
2017-01-04 17:39:45.551669,FALSE,FALSE,0,FALSE,2017-01-04 17:39:45.551669,0
2017-01-05 07:45:50.236188,TRUE,FALSE,0,FALSE,2017-01-05 07:45:50.236188,0
2017-01-05 17:44:45.551669,FALSE,FALSE,0,FALSE,2017-01-05 17:44:45.551669,0
2017-01-06 07:43:21.484337,TRUE,FALSE,0,FALSE,2017-01-06 07:43:21.484337,0
2017-01-06 17:47:46.435089,FALSE,FALSE,0,FALSE,2017-01-06 17:47:46.435089,0
2017-01-07 07:41:32.448331,TRUE,FALSE,0,FALSE,2017-01-07 07:41:32.448331,0
2017-01-07 17:51:04.260457,FALSE,FALSE,0,FALSE,2017-01-07 17:51:04.260457,0
2017-01-08 07:45:27.867038,TRUE,FALSE,0,FALSE,2017-01-08 07:45:27.867038,0
2017-01-08 17:42:51.931994,FALSE,FALSE,0,FALSE,2017-01-08 17:42:51.931994,0
2017-01-09 07:43:23.236802,TRUE,FALSE,0,FALSE,2017-01-09 07:43:23.236802,0
2017-01-09 17:44:45.551669,FALSE,FALSE,0,FALSE,2017-01-09 17:44:45.551669,0
2017-01-10 07:48:17.355763,TRUE,FALSE,0,FALSE,2017-01-10 07:48:17.355763,0
2017-01-10 17:35:50.132962,FALSE,FALSE,0,FALSE,2017-01-10 17:35:50.132962,0
2017-01-11 07:43:31.564911,TRUE,FALSE,0,FALSE,2017-01-11 07:43:31.564911,0
2017-01-11 17:44:45.551669,FALSE,FALSE,0,FALSE,2017-01-11 17:44:45.551669,0
2017-01-12 07:50:50.236188,TRUE,FALSE,0,FALSE,2017-01-12 07:50:50.236188,0
2017-01-12 17:32:30.438816,FALSE,FALSE,0,FALSE,2017-01-12 17:32:30.438816,0
2017-01-13 07:51:32.448331,TRUE,FALSE,0,FALSE,2017-01-13 07:51:32.448331,0
2017-01-13 17:44:45.551669,FALSE,FALSE,0,FALSE,2017-01-13 17:44:45.551669,0
2017-01-14 07:58:21.484337,TRUE,FALSE,0,FALSE,2017-01-14 07:58:21.484337,0
2017-01-14 17:34:45.551669,FALSE,FALSE,0,FALSE,2017-01-14 17:34:45.551669,0
2017-01-15 07:45:50.236188,TRUE,FALSE,0,FALSE,2017-01-15 07:45:50.236188,0
2017-01-15 17:34:45.551669,FALSE,FALSE,0,FALSE,2017-01-15 17:34:45.551669,0
2017-01-16 07:59:56.478274,TRUE,FALSE,0,FALSE,2017-01-16 07:59:56.478274,0
2017-01-16 17:47:30.438816,FALSE,FALSE,0,FALSE,2017-01-16 17:47:30.438816,0
2017-01-17 07:55:50.236188,TRUE,FALSE,0,FALSE,2017-01-17 07:55:50.236188,0
2017-01-17 17:42:30.438816,FALSE,FALSE,0,FALSE,2017-01-17 17:42:30.438816,0
2017-01-18 07:51:32.448331,TRUE,FALSE,0,FALSE,2017-01-18 07:51:32.448331,0
2017-01-18 17:56:27.286704,FALSE,FALSE,0,FALSE,2017-01-18 17:56:27.286704,0
2017-01-19 07:41:32.448331,TRUE,FALSE,0,FALSE,2017-01-19 07:41:32.448331,0
2017-01-19 17:31:21.521726,FALSE,FALSE,0,FALSE,2017-01-19 17:31:21.521726,0
2017-01-20 08:06:32.448331,TRUE,FALSE,0,FALSE,2017-01-20 08:06:32.448331,0
2017-01-20 17:38:03.293611,FALSE,FALSE,0,FALSE,2017-01-20 17:38:03.293611,0
2017-01-21 07:58:26.068006,TRUE,FALSE,0,FALSE,2017-01-21 07:58:26.068006,0
2017-01-21 17:44:45.551669,FALSE,FALSE,0,FALSE,2017-01-21 17:44:45.551669,0
2017-01-22 07:51:32.448331,TRUE,FALSE,0,FALSE,2017-01-22 07:51:32.448331,0
2017-01-22 17:52:51.931994,FALSE,FALSE,0,FALSE,2017-01-22 17:52:51.931994,0
2017-01-23 07:40:50.236188,TRUE,FALSE,0,FALSE,2017-01-23 07:40:50.236188,0
2017-01-23 17:47:56.515663,FALSE,FALSE,0,FALSE,2017-01-23 17:47:56.515663,0
2017-01-24 07:48:23.236802,TRUE,FALSE,0,FALSE,2017-01-24 07:48:23.236802,0
2017-01-24 17:59:45.551669,FALSE,FALSE,0,FALSE,2017-01-24 17:59:45.551669,0
2017-01-25 07:48:20.282366,TRUE,FALSE,0,FALSE,2017-01-25 07:48:20.282366,0
2017-01-25 17:41:35.799954,FALSE,FALSE,0,FALSE,2017-01-25 17:41:35.799954,0
2017-01-26 08:05:03.851755,TRUE,FALSE,0,FALSE,2017-01-26 08:05:03.851755,0
2017-01-26 18:10:50.132962,FALSE,FALSE,0,FALSE,2017-01-26 18:10:50.132962,0
2017-01-27 07:30:50.236188,TRUE,FALSE,0,FALSE,2017-01-27 07:30:50.236188,0
2017-01-27 18:00:50.132962,FALSE,FALSE,0,FALSE,2017-01-27 18:00:50.132962,0
2017-01-28 07:31:32.448331,TRUE,FALSE,0,FALSE,2017-01-28 07:31:32.448331,0
2017-01-28 17:35:27.763812,FALSE,FALSE,0,FALSE,2017-01-28 17:35:27.763812,0
2017-01-29 07:46:32.448331,TRUE,FALSE,0,FALSE,2017-01-29 07:46:32.448331,0
2017-01-29 17:55:50.132962,FALSE,FALSE,0,FALSE,2017-01-29 17:55:50.132962,0
2017-01-30 07:49:24.257365,TRUE,FALSE,0,FALSE,2017-01-30 08:08:47.561184,0
2017-01-30 18:05:50.132962,FALSE,FALSE,0,FALSE,2017-01-30 18:05:50.132962,0
2017-01-31 07:25:34.164373,TRUE,FALSE,0,FALSE,2017-01-31 08:05:27.867038,0
2017-01-31 18:20:50.132962,FALSE,FALSE,0,FALSE,2017-01-31 18:20:50.132962,0
2017-02-01 07:21:32.448331,TRUE,FALSE,0,FALSE,2017-02-01 07:21:32.448331,0
2017-02-01 18:11:21.521726,FALSE,FALSE,0,FALSE,2017-02-01 18:11:21.521726,0
2017-02-02 07:21:32.448331,TRUE,FALSE,0,FALSE,2017-02-02 07:21:32.448331,0
2017-02-02 18:17:56.515663,FALSE,FALSE,0,FALSE,2017-02-02 18:17:56.515663,0
2017-02-03 07:25:13.739543,TRUE,FALSE,0,FALSE,2017-02-03 07:25:13.739543,0
2017-02-03 18:20:27.763812,FALSE,FALSE,0,FALSE,2017-02-03 18:20:27.763812,0
2017-02-04 07:28:26.068006,TRUE,FALSE,0,FALSE,2017-02-04 07:28:26.068006,0
2017-02-04 18:14:45.551669,FALSE,FALSE,0,FALSE,2017-02-04 18:14:45.551669,0
2017-02-05 07:21:32.448331,TRUE,FALSE,0,FALSE,2017-02-05 07:21:32.448331,0
2017-02-05 18:18:01.237653,FALSE,FALSE,0,FALSE,2017-02-05 18:18:01.237653,0
2017-02-06 07:28:14.926426,TRUE,FALSE,0,FALSE,2017-02-06 07:28:14.926426,0
2017-02-06 18:14:45.551669,FALSE,FALSE,0,FALSE,2017-02-06 18:14:45.551669,0
2017-02-07 07:31:32.448331,TRUE,FALSE,0,FALSE,2017-02-07 07:31:32.448331,0
2017-02-07 18:21:39.065256,FALSE,FALSE,0,FALSE,2017-02-07 18:21:39.065256,0
2017-02-08 07:15:50.236188,TRUE,FALSE,0,FALSE,2017-02-08 07:15:50.236188,0
2017-02-08 18:25:27.763812,FALSE,FALSE,0,FALSE,2017-02-08 18:25:27.763812,0
2017-02-09 07:21:32.448331,TRUE,FALSE,0,FALSE,2017-02-09 07:21:32.448331,0
2017-02-09 18:17:59.825465,FALSE,FALSE,0,FALSE,2017-02-09 18:17:59.825465,0
2017-02-10 07:15:50.236188,TRUE,FALSE,0,FALSE,2017-02-10 07:15:50.236188,0
2017-02-10 18:22:58.601496,FALSE,FALSE,0,FALSE,2017-02-10 18:22:58.601496,0
2017-02-11 07:16:32.448331,TRUE,FALSE,0,FALSE,2017-02-11 07:16:32.448331,0
2017-02-11 18:32:51.931994,FALSE,FALSE,0,FALSE,2017-02-11 18:32:51.931994,0
2017-02-12 07:15:27.867038,TRUE,FALSE,0,FALSE,2017-02-12 07:15:27.867038,0
2017-02-12 18:24:45.551669,FALSE,FALSE,0,FALSE,2017-02-12 18:24:45.551669,0
2017-02-13 07:10:50.236188,TRUE,FALSE,0,FALSE,2017-02-13 07:10:50.236188,0
2017-02-13 18:20:50.132962,FALSE,FALSE,0,FALSE,2017-02-13 18:20:50.132962,0
2017-02-14 07:13:18.174535,TRUE,FALSE,0,FALSE,2017-02-14 07:13:18.174535,0
2017-02-14 18:30:27.763812,FALSE,FALSE,0,FALSE,2017-02-14 18:30:27.763812,0
2017-02-15 07:16:32.448331,TRUE,FALSE,0,FALSE,2017-02-15 07:16:32.448331,0
2017-02-15 18:37:51.931994,FALSE,FALSE,0,FALSE,2017-02-15 18:37:51.931994,0
2017-02-16 07:08:23.236802,TRUE,FALSE,0,FALSE,2017-02-16 07:08:23.236802,0
2017-02-16 18:27:59.282449,FALSE,FALSE,0,FALSE,2017-02-16 18:27:59.282449,0
2017-02-17 07:10:50.236188,TRUE,FALSE,0,FALSE,2017-02-17 07:10:50.236188,0
2017-02-17 18:30:38.110304,FALSE,FALSE,0,FALSE,2017-02-17 18:00:27.763812,0
2017-02-18 07:24:26.317347,TRUE,FALSE,0,FALSE,2017-02-18 07:24:26.317347,0
2017-02-18 18:34:45.551669,FALSE,FALSE,0,FALSE,2017-02-18 18:34:45.551669,0
2017-02-19 07:10:13.739543,TRUE,FALSE,0,FALSE,2017-02-19 07:10:13.739543,0
2017-02-19 18:27:46.435089,FALSE,FALSE,0,FALSE,2017-02-19 18:27:46.435089,0
2017-02-20 07:11:32.448331,TRUE,FALSE,0,FALSE,2017-02-20 07:11:32.448331,0
2017-02-20 18:44:45.551669,FALSE,FALSE,0,FALSE,2017-02-20 18:44:45.551669,0
2017-02-21 07:09:42.200046,TRUE,FALSE,0,FALSE,2017-02-21 07:09:42.200046,0
2017-02-21 18:30:27.763812,FALSE,FALSE,0,FALSE,2017-02-21 18:30:27.763812,0
2017-02-22 07:13:20.282366,TRUE,FALSE,0,FALSE,2017-02-22 07:13:20.282366,0
2017-02-22 18:30:50.132962,FALSE,FALSE,0,FALSE,2017-02-22 18:30:50.132962,0
2017-02-23 07:10:13.739543,TRUE,FALSE,0,FALSE,2017-02-23 07:10:13.739543,0
2017-02-23 18:38:03.420869,FALSE,FALSE,0,FALSE,2017-02-23 18:38:03.420869,0
2017-02-24 07:04:56.478274,TRUE,FALSE,0,FALSE,2017-02-24 07:04:56.478274,0
2017-02-24 18:35:50.132962,FALSE,FALSE,0,FALSE,2017-02-24 18:35:50.132962,0
2017-02-25 07:01:32.448331,TRUE,FALSE,0,FALSE,2017-02-25 07:01:32.448331,0
2017-02-25 18:40:27.763812,FALSE,FALSE,0,FALSE,2017-02-25 18:40:27.763812,0
2017-02-26 06:58:31.564911,TRUE,FALSE,0,FALSE,2017-02-26 06:58:31.564911,0
2017-02-26 18:41:14.148245,FALSE,FALSE,0,FALSE,2017-02-26 18:41:14.148245,0
2017-02-27 06:55:03.851755,TRUE,FALSE,0,FALSE,2017-02-27 06:55:03.851755,0
2017-02-27 18:30:50.132962,FALSE,FALSE,0,FALSE,2017-02-27 18:30:50.132962,0
2017-02-28 07:06:32.448331,TRUE,FALSE,0,FALSE,2017-02-28 07:06:32.448331,0
2017-02-28 18:44:45.551669,FALSE,FALSE,0,FALSE,2017-02-28 18:44:45.551669,0
2017-03-01 06:53:31.564911,TRUE,FALSE,0,FALSE,2017-03-01 06:53:31.564911,0
2017-03-01 18:17:54.763198,FALSE,FALSE,0,FALSE,2017-03-01 18:17:54.763198,0
2017-03-02 07:06:32.448331,TRUE,FALSE,0,FALSE,2017-03-02 07:06:32.448331,0
2017-03-02 18:42:51.931994,FALSE,FALSE,0,FALSE,2017-03-02 18:42:51.931994,0
2017-03-03 06:58:23.236802,TRUE,FALSE,0,FALSE,2017-03-03 06:58:23.236802,0
2017-03-03 18:45:27.763812,FALSE,FALSE,0,FALSE,2017-03-03 18:45:27.763812,0
2017-03-04 06:58:31.564911,TRUE,FALSE,0,FALSE,2017-03-04 06:58:31.564911,0
2017-03-04 18:47:46.435089,FALSE,FALSE,0,FALSE,2017-03-04 18:47:46.435089,0
2017-03-05 06:54:29.602251,TRUE,FALSE,0,FALSE,2017-03-05 06:54:29.602251,0
2017-03-05 18:45:50.132962,FALSE,FALSE,0,FALSE,2017-03-05 18:45:50.132962,0
2017-03-06 06:58:47.561184,TRUE,FALSE,0,FALSE,2017-03-06 06:58:47.561184,0
2017-03-06 18:55:27.763812,FALSE,FALSE,0,FALSE,2017-03-06 18:55:27.763812,0
2017-03-07 06:35:27.867038,TRUE,FALSE,0,FALSE,2017-03-07 06:35:27.867038,0
2017-03-07 18:54:45.551669,FALSE,FALSE,0,FALSE,2017-03-07 18:54:45.551669,0
2017-03-08 06:45:03.851755,TRUE,FALSE,0,FALSE,2017-03-08 06:45:03.851755,0
2017-03-08 18:56:21.521726,FALSE,FALSE,0,FALSE,2017-03-08 18:56:21.521726,0
2017-03-09 06:38:18.717551,TRUE,FALSE,0,FALSE,2017-03-09 06:38:18.717551,0
2017-03-09 18:57:57.717634,FALSE,FALSE,0,FALSE,2017-03-09 18:57:57.717634,0
2017-03-10 06:15:27.867038,TRUE,FALSE,0,FALSE,2017-03-10 06:15:27.867038,0
2017-03-10 18:26:41.870919,FALSE,FALSE,0,FALSE,2017-03-10 18:26:41.870919,0
2017-03-11 06:21:32.448331,TRUE,FALSE,0,FALSE,2017-03-11 06:21:32.448331,0
2017-03-11 18:18:26.573538,FALSE,FALSE,0,FALSE,2017-03-11 17:37:51.931994,0
2017-03-12 06:13:34.979252,TRUE,FALSE,0,FALSE,2017-03-12 06:50:13.739543,0
2017-03-12 18:19:45.551669,FALSE,FALSE,0,FALSE,2017-03-12 18:19:45.551669,0
2017-03-13 06:10:27.867038,TRUE,FALSE,0,FALSE,2017-03-13 06:10:27.867038,0
2017-03-13 18:29:45.551669,FALSE,FALSE,0,FALSE,2017-03-13 18:29:45.551669,0
2017-03-14 06:06:32.448331,TRUE,FALSE,0,FALSE,2017-03-14 06:06:32.448331,0
2017-03-14 18:34:45.551669,FALSE,FALSE,0,FALSE,2017-03-14 18:34:45.551669,0
2017-03-15 05:50:27.867038,TRUE,FALSE,0,FALSE,2017-03-15 05:50:27.867038,0
2017-03-15 18:36:21.521726,FALSE,FALSE,0,FALSE,2017-03-15 18:36:21.521726,0
2017-03-16 05:58:14.848696,TRUE,FALSE,0,FALSE,2017-03-16 05:58:14.848696,0
2017-03-16 18:38:01.691627,FALSE,FALSE,0,FALSE,2017-03-16 18:38:01.691627,0
2017-03-17 05:43:47.561184,TRUE,FALSE,0,FALSE,2017-03-17 05:43:47.561184,0
2017-03-17 18:26:27.286704,FALSE,FALSE,0,FALSE,2017-03-17 18:26:27.286704,0
2017-03-18 05:53:19.398504,TRUE,FALSE,0,FALSE,2017-03-18 05:53:19.398504,0
2017-03-18 18:23:00.271157,FALSE,FALSE,0,FALSE,2017-03-18 18:23:00.271157,0
2017-03-19 05:51:32.448331,TRUE,FALSE,0,FALSE,2017-03-19 05:51:32.448331,0
2017-03-19 18:35:27.763812,FALSE,FALSE,0,FALSE,2017-03-19 18:35:27.763812,0
2017-03-20 05:43:31.564911,TRUE,FALSE,0,FALSE,2017-03-20 05:43:31.564911,0
2017-03-20 18:34:45.551669,FALSE,FALSE,0,FALSE,2017-03-20 18:34:45.551669,0
2017-03-21 06:00:27.867038,TRUE,FALSE,0,FALSE,2017-03-21 06:00:27.867038,0
2017-03-21 18:44:45.551669,FALSE,FALSE,0,FALSE,2017-03-21 18:44:45.551669,0
2017-03-22 05:39:56.478274,TRUE,FALSE,0,FALSE,2017-03-22 05:39:56.478274,0
2017-03-22 18:36:14.148245,FALSE,FALSE,0,FALSE,2017-03-22 18:36:14.148245,0
2017-03-23 05:48:19.398504,TRUE,FALSE,0,FALSE,2017-03-23 05:48:19.398504,0
2017-03-23 18:49:45.551669,FALSE,FALSE,0,FALSE,2017-03-23 18:49:45.551669,0
2017-03-24 05:26:32.448331,TRUE,FALSE,0,FALSE,2017-03-24 05:26:32.448331,0
2017-03-24 18:34:45.551669,FALSE,FALSE,0,FALSE,2017-03-24 18:34:45.551669,0
2017-03-25 05:40:50.236188,TRUE,FALSE,0,FALSE,2017-03-25 05:40:50.236188,0
2017-03-25 18:28:00.644237,FALSE,FALSE,0,FALSE,2017-03-25 18:28:00.644237,0
2017-03-26 05:34:50.713296,TRUE,FALSE,0,FALSE,2017-03-26 05:34:50.713296,0
2017-03-26 18:52:59.282449,FALSE,FALSE,0,FALSE,2017-03-26 18:52:59.282449,0
2017-03-27 05:25:13.739543,TRUE,FALSE,0,FALSE,2017-03-27 05:25:13.739543,0
2017-03-27 18:41:35.799954,FALSE,FALSE,0,FALSE,2017-03-27 18:41:35.799954,0
2017-03-28 05:28:47.561184,TRUE,FALSE,0,FALSE,2017-03-28 05:28:47.561184,0
2017-03-28 18:38:02.990732,FALSE,FALSE,0,FALSE,2017-03-28 18:38:02.990732,0
2017-03-29 05:29:38.934744,TRUE,FALSE,0,FALSE,2017-03-29 05:29:38.934744,0
2017-03-29 18:57:59.282449,FALSE,FALSE,0,FALSE,2017-03-29 18:57:59.282449,0
2017-03-30 05:19:36.129081,TRUE,FALSE,0,FALSE,2017-03-30 05:19:36.129081,0
2017-03-30 18:46:50.121927,FALSE,FALSE,0,FALSE,2017-03-30 18:46:50.121927,0
2017-03-31 05:38:15.403757,TRUE,FALSE,0,FALSE,2017-03-31 05:38:15.403757,0
2017-03-31 19:02:30.438816,FALSE,FALSE,0,FALSE,2017-03-31 19:02:30.438816,0
2017-04-01 05:20:50.236188,TRUE,FALSE,0,FALSE,2017-04-01 05:20:50.236188,0
2017-04-01 18:56:21.521726,FALSE,FALSE,0,FALSE,2017-04-01 18:56:21.521726,0
2017-04-02 05:15:50.236188,TRUE,FALSE,0,FALSE,2017-04-02 05:15:50.236188,0
2017-04-02 19:01:44.31898,FALSE,FALSE,0,FALSE,2017-04-02 19:01:44.31898,0
2017-04-03 05:11:32.448331,TRUE,FALSE,0,FALSE,2017-04-03 05:11:32.448331,0
2017-04-03 19:02:30.438816,FALSE,FALSE,0,FALSE,2017-04-03 19:02:30.438816,0
2017-04-04 05:14:46.056592,TRUE,FALSE,0,FALSE,2017-04-04 05:14:46.056592,0
2017-04-04 19:01:39.065256,FALSE,FALSE,0,FALSE,2017-04-04 19:01:39.065256,0
2017-04-05 05:09:50.713296,TRUE,FALSE,0,FALSE,2017-04-05 05:09:50.713296,0
2017-04-05 19:05:50.132962,FALSE,FALSE,0,FALSE,2017-04-05 19:05:50.132962,0
2017-04-06 05:09:18.425466,TRUE,FALSE,0,FALSE,2017-04-06 05:09:18.425466,0
2017-04-06 19:01:44.31898,FALSE,FALSE,0,FALSE,2017-04-06 19:01:44.31898,0
2017-04-07 05:13:26.068006,TRUE,FALSE,0,FALSE,2017-04-07 05:13:26.068006,0
2017-04-07 19:11:04.260457,FALSE,FALSE,0,FALSE,2017-04-07 19:11:04.260457,0
2017-04-08 05:04:36.129081,TRUE,FALSE,0,FALSE,2017-04-08 05:04:36.129081,0
2017-04-08 19:13:02.902277,FALSE,FALSE,0,FALSE,2017-04-08 19:13:02.902277,0
2017-04-09 04:56:32.448331,TRUE,FALSE,0,FALSE,2017-04-09 04:56:32.448331,0
2017-04-09 19:11:31.943408,FALSE,FALSE,0,FALSE,2017-04-09 19:11:31.943408,0
2017-04-10 04:50:50.236188,TRUE,FALSE,0,FALSE,2017-04-10 04:50:50.236188,0
2017-04-10 19:11:31.943408,FALSE,FALSE,0,FALSE,2017-04-10 19:11:31.943408,0
2017-04-11 04:59:22.401674,TRUE,FALSE,0,FALSE,2017-04-11 04:59:22.401674,0
2017-04-11 19:16:21.521726,FALSE,FALSE,0,FALSE,2017-04-11 19:16:21.521726,0
2017-04-12 04:54:36.129081,TRUE,FALSE,0,FALSE,2017-04-12 04:54:36.129081,0
