"Time","Lon","Lat"
2016-06-18 20:42:03.438816,-1.58749451168046,50.143372385947
2016-06-19 03:33:20.561184,-0.935387157163404,49.6988172091014
2016-06-19 20:37:03.438816,-1.16371838164366,49.5370655328714
2016-06-20 03:35:23.236188,-0.793066336791583,49.2777308554256
2016-06-20 20:34:18.551669,-1.13526152545785,49.0357232877564
2016-06-21 03:38:20.561184,-1.73304014723726,49.4558873031715
2016-06-21 20:39:18.551669,-2.04940373179363,49.2389283082788
2016-06-22 03:41:05.448331,-0.860503751623128,48.390940438467
2016-06-22 20:30:00.763812,-1.45843622806444,47.9521750290562
2016-06-23 03:46:05.448331,0.187607130181618,46.6732560566631
2016-06-23 20:17:03.438816,-0.871456146897685,45.8060860038958
2016-06-24 03:54:46.739543,-0.713258142723816,45.6862390433927
2016-06-24 20:16:00.286704,0.742644185420431,46.9089157187663
2016-06-25 03:43:20.561184,0.221521727839331,47.3419646670577
2016-06-25 20:20:23.132962,-0.586023144108538,46.717631815912
2016-06-26 03:50:00.867038,0.512130120946722,45.8272072804106
2016-06-26 20:11:48.467626,-3.74916689173324,41.8646394217873
2016-06-27 04:24:19.056592,-3.49907792872909,41.6350430075611
2016-06-27 20:10:00.763812,-0.43600539018189,44.6366791746519
2016-06-28 04:00:00.867038,-2.8223879278753,46.7261922579635
2016-06-28 20:29:18.551669,-2.1722762432172,47.284136004185
2016-06-29 03:55:00.867038,0.0088000408745188,45.5019360582978
2016-06-29 20:12:03.438816,-0.470007540357585,45.1176593862116
2016-06-30 03:59:02.602251,-1.97688705495705,46.4605539082069
2016-06-30 20:24:18.551669,-4.62028832197154,44.1635742724157
2016-07-01 04:20:23.236188,-1.12225277584605,40.6651554510791
2016-07-01 19:56:30.728149,0.924700067539561,42.8511562145785
2016-07-02 04:04:11.934744,-1.51281628191646,45.2112900470416
2016-07-02 20:16:12.065256,-0.822091264802111,45.8733834439736
2016-07-03 03:58:51.425466,1.22385785346057,44.0638365956942
2016-07-03 20:00:00.763812,-0.639240493592638,42.2714764803553
2016-07-04 04:13:56.597783,-2.12263629178869,43.8158110221032
2016-07-04 20:12:03.438816,-1.11943379031385,44.8264182242469
2016-07-05 04:06:05.448331,-0.341672678601185,44.1568989432545
2016-07-05 20:06:00.286704,0.304295711220163,44.8322530311285
2016-07-06 04:01:05.448331,1.40981864917694,43.8446235875049
2016-07-06 19:57:19.435089,2.05503096875123,44.5361865004116
2016-07-07 03:56:05.448331,2.04802299627028,44.6154498585856
2016-07-07 19:57:32.282449,0.327236088678546,42.9912317436074
2016-07-08 04:10:00.867038,-1.8379460552693,45.1861907971639
2016-07-08 20:15:00.763812,-2.93800593228559,44.2155714532157
2016-07-09 04:18:57.896855,-1.9907221760144,43.3505879185476
2016-07-09 20:07:34.691627,-4.02555504724563,41.2603429736543
2016-07-10 04:35:23.236188,-5.47462866038597,42.9162767192998
2016-07-10 20:19:18.551669,-1.70812884226268,46.6302669317088
2016-07-11 04:05:23.236188,1.65996338074467,43.505139407414
2016-07-11 19:52:29.515663,-0.0749613206257891,41.7411035765487
2016-07-12 04:19:23.713296,-1.77902752635885,43.6629966350165
2016-07-12 20:06:14.870919,-4.47582162178105,40.8046771986375
2016-07-13 04:41:05.448331,-4.84418074057442,41.3305600128406
2016-07-13 20:09:18.551669,-2.95540299550498,43.5049398707618
2016-07-14 04:26:05.448331,-4.37662277120603,45.0560163545527
2016-07-14 20:20:47.148245,-2.30429256657328,47.10545531939
2016-07-15 04:09:36.851755,-1.64653899301032,46.61637244466
2016-07-15 20:15:37.260457,-1.40684492708414,46.9458192591962
2016-07-16 04:07:47.478821,-0.292857823512747,46.0173756521534
2016-07-16 20:06:47.854583,-0.300338104475088,46.125209587788
2016-07-17 04:07:56.236802,-0.604245368881948,46.5325947249243
2016-07-17 20:09:18.551669,-3.48863455771243,43.7378058578606
2016-07-18 04:31:05.448331,-1.73935694272228,41.8882776770421
2016-07-18 19:55:23.132962,-1.42931135746971,42.3748197391221
2016-07-19 04:28:40.702864,-1.63050506347656,42.7350985707813
2016-07-19 19:57:03.438816,-1.71275119362696,42.7707383001172
2016-07-20 04:29:23.713296,-2.36445218657491,43.6429880889147
2016-07-20 20:02:19.435089,-1.67950522855114,44.5288969762517
2016-07-21 04:23:57.896855,-0.67227573826483,43.5523454853858
2016-07-21 19:54:18.551669,-3.05610921696052,40.8307162654032
2016-07-22 04:43:04.564911,-4.08160171664503,42.2471999476379
2016-07-22 20:02:32.825465,-0.0797328161261817,46.7873019215897
2016-07-23 04:11:05.448331,0.328002804285859,46.5240524230243
2016-07-23 19:59:18.551669,-0.0824552747820917,46.2525895774128
2016-07-24 04:14:23.713296,1.08137625741313,45.165136730642
2016-07-24 19:50:00.763812,-2.25420128711045,41.3499976748493
2016-07-25 04:41:05.448331,-0.915706582171822,39.7159093375441
2016-07-25 19:39:18.551669,1.30290854729833,42.77842329732
2016-07-26 04:23:20.561184,0.288924417073247,44.1656530538523
2016-07-26 19:47:24.931994,-1.21780307738254,42.4919501346123
2016-07-27 04:35:23.236188,-1.83330486858461,43.4299682221711
2016-07-27 19:52:19.435089,-5.53917123817496,38.5836662316545
2016-07-28 05:05:00.867038,-6.13406692746588,39.629241292947
2016-07-28 19:57:03.438816,-3.14723286410356,43.7985173736469
2016-07-29 04:41:05.448331,-1.30998263249739,41.5914150610669
2016-07-29 19:42:19.435089,-0.286282040145068,43.1287034903379
2016-07-30 04:32:51.717551,-0.8837070569312,44.072833797128
2016-07-30 19:47:03.438816,-2.54357207035082,42.0929104935897
2016-07-31 04:46:05.448331,-4.08212308192179,44.3011609596503
2016-07-31 19:59:18.551669,-4.30816524428042,44.20794132577
2016-08-01 04:47:50.355763,-2.78488240689131,42.3830724986231
2016-08-01 19:47:03.438816,-3.64053544434165,41.37253553614
2016-08-02 04:54:36.851755,-3.02503142395955,40.6673028018072
2016-08-02 19:42:03.438816,-0.584929613711665,44.2882681223049
2016-08-03 04:35:00.867038,-0.59571668123624,44.5099977063272
2016-08-03 19:42:03.438816,-3.52319086580928,40.564984666167
2016-08-04 04:58:20.561184,-4.44178157897289,42.1591274435162
2016-08-04 19:49:18.551669,-3.95113496185996,43.0828965826559
2016-08-05 04:54:19.056592,-2.87832344152719,41.7276376509954
2016-08-05 19:40:37.260457,-0.959370123297504,44.6967592234644
2016-08-06 04:38:51.425466,-1.63491418854255,45.8208388649258
2016-08-06 19:45:54.521726,-5.26109314676683,40.799081542539
2016-08-07 05:07:44.646663,-2.98144531718964,37.1019808293916
2016-08-07 19:27:32.825465,-0.538949694401879,41.5218238210761
2016-08-08 04:48:04.564911,-1.11974640836871,42.6722020890934
2016-08-08 19:32:03.438816,-2.76418465555662,40.2547548213261
2016-08-09 05:01:05.448331,0.598567541553734,34.142068456557
2016-08-09 19:05:00.763812,3.24418330040214,39.4925234868261
2016-08-10 04:39:46.739543,0.099494876086851,44.8383199156278
2016-08-10 19:30:00.763812,-0.211205744667382,44.63462574122
2016-08-11 04:42:06.349495,0.48128125038761,43.8374155856358
2016-08-11 19:24:18.551669,-1.91311084408994,40.0755172673515
2016-08-12 05:01:05.448331,-2.32314456535039,41.0783943476606
2016-08-12 19:27:24.931994,-2.34529733637351,41.3103503507836
2016-08-13 05:01:05.448331,-0.929592929849832,38.9550733387647
2016-08-13 19:15:54.521726,-1.82615489195933,37.4352466164816
2016-08-14 05:08:04.564911,-3.17357933394794,40.3840492103139
2016-08-14 19:26:29.702642,-1.69961857596388,43.3228869453752
2016-08-15 04:56:05.448331,-2.91356550404811,45.6129495012341
2016-08-15 19:36:00.286704,-2.2260115432689,46.9646750302125
2016-08-16 04:50:23.236188,-1.05576728797996,45.4294618023024
2016-08-16 19:26:26.103145,-2.7614797027469,42.7925236965804
2016-08-17 05:03:49.108578,1.47586850437892,34.047812538549
2016-08-17 18:52:19.435089,1.40653473886749,34.1769399130935
2016-08-18 05:04:09.129081,-0.74517423634444,39.4681232488208
2016-08-18 19:09:18.551669,-0.154562226377493,41.0248601316899
2016-08-19 04:59:11.934744,2.94172044592301,34.2096851214835
2016-08-19 18:44:18.551669,2.42023870958656,33.1535870110581
2016-08-20 05:03:07.979252,2.34870707319971,33.6696497841649
2016-08-20 18:44:38.386692,2.5734066965025,34.5991950281206
2016-08-21 05:01:05.448331,3.22758701046132,33.1509540260187
2016-08-21 18:39:09.480546,2.08036930170613,30.1173702630969
2016-08-22 05:10:00.867038,0.615145632167241,34.7238786972814
2016-08-22 18:50:37.260457,-1.33929779039357,29.2421002179177
2016-08-23 05:25:23.236188,-0.142669978416393,25.4983309240595
2016-08-23 18:40:47.148245,-0.639536766341507,23.9936351435217
2016-08-24 05:29:05.66308,-1.52549695597537,27.5333883982463
2016-08-24 18:47:36.073574,-1.51252221835381,27.9222429402889
2016-08-25 05:28:42.997427,-3.27951447276195,34.0980391918524
2016-08-25 19:01:27.402217,-1.60149129895359,39.2444363613351
2016-08-26 05:15:00.867038,0.342823637835863,34.0495855134729
2016-08-26 18:45:37.260457,-0.109169555226515,32.9970566598466
2016-08-27 05:18:20.561184,-3.73224143658024,43.5532290065556
2016-08-27 19:14:18.551669,-4.73760724119717,41.5051393355505
2016-08-28 05:26:05.448331,-3.16212865796655,37.5455858794908
2016-08-28 19:01:24.682653,-1.86129952192323,41.6627021134534
2016-08-29 05:15:23.236188,-0.693743234192482,38.8318187964718
2016-08-29 18:51:46.235873,-1.3569698300463,37.2475145902117
2016-08-30 05:20:23.236188,0.472807420205527,31.2627394617627
2016-08-30 18:36:49.66653,-0.286028531093621,28.6396070489438
2016-08-31 05:26:08.794131,-1.55989272580507,34.1439997612233
2016-08-31 18:46:42.211905,-2.05345332248919,32.74414339663
2016-09-01 05:29:46.739543,0.994761463098371,18.8930786408567
2016-09-01 18:22:00.319896,0.269532502820311,15.044241297339
2016-09-02 05:35:15.570088,0.478342963155285,14.0688791191476
2016-09-02 18:20:00.763812,0.333824328923697,13.4507913712753
2016-09-03 05:36:05.448331,3.77416054004459,-12.4789027220282
2016-09-03 17:52:10.166961,4.61017266108485,-5.72689361206611
2016-09-04 05:29:04.524276,3.96615591214066,-0.44239719614361
2016-09-04 17:56:59.36925,2.63427061151384,-12.2272412077016
2016-09-05 05:39:23.713296,1.96801193070178,-6.40582456070011
2016-09-05 18:01:59.014519,1.57827754590073,-10.3172923204071
2016-09-06 05:42:10.552352,-3.75596809554497,30.4586176490801
2016-09-06 18:44:18.551669,-1.46079225910125,41.4031387403022
2016-09-07 05:23:28.73661,2.56376644385091,21.0627256253805
2016-09-07 18:11:46.728547,0.937327261501139,8.46398588119776
2016-09-08 05:36:08.665667,-0.424193269282284,20.2103143008879
2016-09-08 18:22:19.435089,0.164436191010168,25.049574096673
2016-09-09 05:31:05.448331,-1.37748065919476,35.1580962250427
2016-09-09 18:34:18.551669,-1.76205608031182,33.7671574412858
2016-09-10 05:33:49.108578,-3.14400967296501,41.5881531176299
2016-09-10 18:45:00.763812,-5.61996630596428,28.268839318066
2016-09-11 05:53:16.256503,-3.8350584878188,13.306466919293
2016-09-11 18:30:23.132962,-5.1842564772578,-3.35650173021536
2016-09-12 06:03:42.578936,-2.31165579999617,-58.2164102585051
2016-09-12 18:07:03.438816,-2.43190248909821,-67.7796478141956
2016-09-13 06:04:19.056592,-1.20144735527663,-81.5928585163636
2016-09-13 17:56:51.700448,-3.20842172728931,-85.5199421001544
2016-09-14 06:20:00.867038,-2.69246823808385,-82.7465336877878
2016-09-14 17:52:22.775532,-2.27910020746077,-77.0694830757551
2016-09-15 06:16:21.145775,-2.18213440339133,-72.946659542705
2016-09-15 17:51:14.870919,-1.56883740930118,-60.7745573138238
2016-09-16 06:11:05.448331,-1.54052714951672,NA
2016-09-16 17:50:39.887985,-2.96234557608204,-67.0114781322366
2016-09-17 06:22:06.349495,-3.02207501191265,-62.7210109734708
2016-09-17 17:50:47.148245,-3.43033296430326,-63.0018919289852
2016-09-18 06:25:00.867038,-8.29151870509787,NA
2016-09-18 18:29:18.551669,-6.59517107414729,NA
2016-09-19 06:11:05.448331,-6.86940859793896,NA
2016-09-19 18:31:08.799954,-6.64535046517591,NA
2016-09-20 06:08:56.597783,-6.01946087240833,NA
2016-09-20 18:25:47.148245,-8.20773930538394,NA
2016-09-21 06:26:05.448331,-9.56963973090899,NA
2016-09-21 18:36:19.475724,-7.65035269648695,NA
2016-09-22 06:10:23.236188,-8.97690473654757,-0.338371433210519
2016-09-22 18:46:34.936232,-8.48363575400191,-43.5241805239785
2016-09-23 06:06:05.448331,-8.00645574983355,-34.845625127786
2016-09-23 18:42:24.931994,-10.7646253482224,NA
2016-09-24 06:27:48.097723,-9.46880991034493,NA
2016-09-24 18:31:42.211905,-8.98585954487498,NA
2016-09-25 06:23:35.532374,-8.40271687287805,NA
2016-09-25 18:26:41.646206,-9.68985201763064,NA
2016-09-26 06:33:32.570604,-8.54207628970056,NA
2016-09-26 18:17:10.295425,-7.97511534907193,NA
2016-09-27 06:28:40.041158,-7.48657919453376,NA
2016-09-27 18:12:55.499144,-7.07204980327782,NA
2016-09-28 06:25:00.867038,-8.22244057379743,NA
2016-09-28 18:21:47.420924,-7.14844546014143,NA
2016-09-29 06:16:05.448331,-6.43917153406005,NA
2016-09-29 18:15:47.148245,-5.6552509929175,NA
2016-09-30 06:09:29.478274,-8.26811544202883,3.14453600848513
2016-09-30 18:36:21.397749,-9.13388640297285,21.5906827858701
2016-10-01 06:16:05.448331,-5.49670849016854,82.8716862322689
2016-10-01 18:06:56.580928,-8.61793745491883,88.3319294039299
2016-10-02 06:40:44.090842,-9.87682122727267,84.2381011342326
2016-10-02 18:16:41.646206,-9.96071345019811,81.2750482905895
2016-10-03 06:41:05.448331,-9.37463946170033,79.9145464354277
2016-10-03 18:11:41.646206,-9.41333866428806,77.577607931107
2016-10-04 06:41:05.448331,-7.62028003383847,79.3741263982378
2016-10-04 17:57:02.753687,-7.97226587484499,78.2981694117992
2016-10-05 06:43:36.145417,-8.00510495031358,76.6406440842772
2016-10-05 17:57:00.464044,-6.80302045764404,72.1034344835878
2016-10-06 06:33:41.41386,-10.0329019266601,53.7497283554908
2016-10-06 18:22:32.825465,-8.86318568696743,41.4133509331354
2016-10-07 06:24:02.602251,-6.80357610951984,56.1772912426364
2016-10-07 18:05:47.148245,-8.67110003256767,63.8312614602216
2016-10-08 06:38:41.788095,-11.2220417972811,48.1981573725427
2016-10-08 18:25:54.521726,-9.68065508436922,34.282031414793
2016-10-09 06:26:05.448331,-10.274529155038,27.8632649877067
2016-10-09 18:30:23.132962,-10.3082153763359,27.2798159471948
2016-10-10 06:26:05.448331,-9.58172965496965,32.5128907030396
2016-10-10 18:24:18.551669,-10.1515864937178,35.9348489907231
2016-10-11 06:30:23.236188,-9.18103877780163,41.6192442791596
2016-10-11 18:16:17.31898,-9.43606020053141,42.1573553245922
2016-10-12 06:32:10.423888,-6.18216919814898,56.7242928728812
2016-10-12 17:50:00.763812,-5.31771800370831,52.3049670373012
2016-10-13 06:25:00.867038,-2.55250870690003,60.7585281765314
2016-10-13 17:27:39.238987,-4.3261095206567,64.1454123119302
2016-10-14 06:38:57.896855,-7.37781677266872,54.9990069103821
2016-10-14 17:51:49.91611,-5.53709130264707,46.9638831949735
2016-10-15 06:24:00.878073,-6.15000816056403,43.3006183910517
2016-10-15 17:56:30.728149,-6.05985177677064,42.0600672918896
2016-10-16 06:23:04.564911,-8.705649558331,27.0398037898766
2016-10-16 18:17:27.763198,-11.4742896778755,41.0740854304746
2016-10-17 06:45:00.867038,-10.0671880854694,46.2903616730648
2016-10-17 18:06:00.286704,-10.087741231265,45.6296693618756
2016-10-18 06:44:58.887123,-8.94040997909889,49.050686982193
2016-10-18 17:56:38.08759,-7.22724071980139,41.9940231132175
2016-10-19 06:31:05.448331,-9.59413577238985,30.6303634319356
2016-10-19 18:15:23.132962,-9.98171762917974,31.9806569788532
2016-10-20 06:34:00.878073,-7.40932476330988,42.3685194103791
2016-10-20 17:54:38.258228,-8.93970179500423,47.0481491830272
2016-10-21 06:46:05.448331,-9.14837968419647,45.7560569992483
2016-10-21 17:56:08.799954,-8.3002313400026,42.2853493396619
2016-10-22 06:39:09.129081,-9.96431915637925,35.4120741318951
2016-10-22 18:09:18.551669,-11.8997384562996,42.0825906943009
2016-10-23 06:54:29.478274,-10.3226907621056,46.5165341020329
2016-10-23 17:56:33.409991,-10.9641031432519,47.7843074389937
2016-10-24 06:59:29.478274,-9.67036131882935,50.5928802558984
2016-10-24 17:46:04.943408,-7.2209816416306,43.3909324765769
2016-10-25 06:39:46.739543,-8.67762747249071,38.182302645408
2016-10-25 17:57:37.280819,-8.85495874887226,38.3130986202041
2016-10-26 06:41:05.448331,-7.46919286934946,42.2307790285519
2016-10-26 17:46:26.103145,-8.73105224895994,45.316200188642
2016-10-27 06:51:05.448331,-10.3514652216226,40.2193040052271
2016-10-27 17:59:18.551669,-9.73661856500439,37.8730089354989
2016-10-28 06:46:05.448331,-5.70725812615797,48.3729664651651
2016-10-28 17:27:00.020128,-6.96589162322857,50.6591586158747
2016-10-29 06:56:05.448331,-11.0125106682647,40.3375701392928
2016-10-29 17:59:18.551669,-10.3064763206411,37.8756905048478
2016-10-30 06:50:23.236188,-9.32213862940512,40.3088653064756
2016-10-30 17:51:23.121927,-9.62941716677904,40.7512838957439
2016-10-31 06:52:48.192364,-6.50527131435535,47.8558457448962
2016-10-31 17:26:21.397749,-7.91390906266628,50.2902249651845
2016-11-01 07:04:02.602251,-11.6228185502925,41.7375367151451
2016-11-01 17:56:00.286704,-10.9121111335483,39.5426676644991
2016-11-02 06:58:20.561184,-10.3834095710139,40.5478434673775
2016-11-02 17:51:45.979231,-9.84616812113296,38.8165112520725
2016-11-03 06:54:02.602251,-10.3633466121751,37.1060786213027
2016-11-03 17:55:54.521726,-13.4907503676244,44.3434004698962
2016-11-04 07:19:04.524276,-12.4388174670173,46.2009442272819
2016-11-04 17:47:30.717634,-11.7349911294956,44.4081843889672
2016-11-05 07:13:28.281477,-10.3712789115474,46.8269910884213
2016-11-05 17:36:38.08759,-7.35677081984483,40.0796524368282
2016-11-06 06:49:23.713296,-4.87135534937454,45.1481154406492
2016-11-06 17:16:47.854583,-5.91704846247131,46.838270156763
2016-11-07 06:57:48.947166,-6.51923021287433,45.3849753059946
2016-11-07 17:21:40.566773,-7.30261208791501,46.5492816848919
2016-11-08 07:04:09.129081,-9.16810992492134,42.6164670820978
2016-11-08 17:36:40.566773,-8.01555365012985,39.8682497048849
2016-11-09 06:55:00.867038,-9.2007389685408,36.8831035791533
2016-11-09 17:46:14.870919,-11.4820632500409,41.6388569077214
2016-11-10 07:13:21.835878,-12.4766496129686,39.2595052346925
2016-11-10 17:54:18.551669,-11.8539349834099,37.6209788615535
2016-11-11 07:08:29.632753,-10.2201992970349,40.8651915178529
2016-11-11 17:41:21.397749,-12.1109404511902,44.2469286440573
2016-11-12 07:23:44.854568,-12.1116597283387,43.9846998654131
2016-11-12 17:41:29.702642,-11.4163787129932,42.4414871864846
2016-11-13 07:18:19.535366,-13.2292669310008,38.5826886872661
2016-11-13 17:56:08.799954,-10.8261232296605,33.0049274534534
2016-11-14 06:59:15.200046,-9.49040135434677,35.8349039069379
2016-11-14 17:45:37.260457,-10.6067244416066,37.9936090337472
2016-11-15 07:08:21.246313,-9.370910107204,40.2403535660183
2016-11-15 17:35:54.521726,-9.97577437561688,41.1621956298487
2016-11-16 07:13:22.619556,-11.2793301665555,38.4259911327304
2016-11-16 17:46:31.682279,-11.8834009004695,39.3970865716287
2016-11-17 07:18:24.461092,-11.8579562618249,39.2354060964363
2016-11-17 17:46:31.682279,-11.3123158222141,37.9692717080047
2016-11-18 07:14:15.200046,-9.39259607013764,41.3653043217013
2016-11-18 17:31:23.121927,-11.1253345321212,44.0984263919519
2016-11-19 07:28:20.561184,-8.53729239405277,47.7946073466626
2016-11-19 17:10:54.521726,-5.01359030834874,42.1555741646473
2016-11-20 07:00:23.236188,-4.48026980507888,42.8540536610274
2016-11-20 17:06:53.152649,-4.99761145178633,43.5033488758667
2016-11-21 07:04:46.739543,-6.83027982198576,40.2375872333962
2016-11-21 17:21:48.467626,-9.12455529415553,43.8572193640606
2016-11-22 07:23:24.135859,-9.66895259352577,42.8158761791007
2016-11-22 17:26:26.103145,-7.82459614726406,39.544758499917
2016-11-23 07:08:55.401674,-5.29227698824582,43.5534869210511
2016-11-23 17:06:27.402217,-6.01706045344855,44.480698827162
2016-11-24 07:15:00.867038,-9.64532171433171,38.3953257194702
2016-11-24 17:35:47.148245,-10.0521042364903,38.9560742279546
2016-11-25 07:18:34.423488,-10.6176706652106,37.8038173298335
2016-11-25 17:40:37.260457,-12.4471724388429,40.781937029903
2016-11-26 07:33:31.784212,-12.3309172635051,40.8215238295751
2016-11-26 17:40:00.763812,-9.82099964991812,36.353944732805
2016-11-27 07:13:46.479676,-10.5280966021639,34.9081061862229
2016-11-27 17:46:00.286704,-10.5093161844428,34.74318093672
2016-11-28 07:13:57.896855,-10.3421450932437,34.9287305798676
2016-11-28 17:45:00.763812,-11.8135058034977,37.4487499611995
2016-11-29 07:26:05.448331,-8.8422798077205,42.1395169647993
2016-11-29 17:21:35.63487,-9.10577941060058,42.4056595484271
2016-11-30 07:28:33.757812,-9.02166867822064,42.4047221629467
2016-11-30 17:21:17.31898,-7.90667732025202,40.5893667878231
2016-12-01 07:20:00.867038,-10.8706952408033,35.5195997368381
2016-12-01 17:45:23.132962,-11.494070614455,36.5068061152699
2016-12-02 07:25:23.236188,-10.2731983255506,38.4567750493934
2016-12-02 17:36:00.286704,-11.9647027022827,41.0123932803294
2016-12-03 07:39:19.056592,-12.3278164837305,40.3527174300658
2016-12-03 17:39:18.551669,-11.0128165189719,38.1696056498091
2016-12-04 07:29:11.934744,-11.3052242538607,37.5928775876668
2016-12-04 17:42:03.438816,-9.99807630618403,35.282836601316
2016-12-05 07:19:09.129081,-9.73702488854468,35.6476657194674
2016-12-05 17:40:23.132962,-12.2912802231168,39.7213181461364
2016-12-06 07:40:00.867038,-11.7693579722375,40.4270537964257
2016-12-06 17:36:38.08759,-10.3231472548487,38.103357606705
2016-12-07 07:28:52.317721,-10.2711141819906,38.106842234336
2016-12-07 17:36:39.145432,-7.99435162285931,34.2205853083729
2016-12-08 07:11:05.448331,-8.9838665466504,32.3809383718255
2016-12-08 17:45:00.763812,-11.1049303686871,36.0187867131369
2016-12-09 07:28:30.630388,-10.5206203926277,36.9159619580096
2016-12-09 17:40:47.148245,-11.8721344484662,38.9869198944837
2016-12-10 07:39:46.739543,-11.7185789643464,39.1583856024352
2016-12-10 17:40:00.763812,-11.6777095071737,39.0362614051757
2016-12-11 07:39:54.684266,-9.19679212623828,42.5558473699904
2016-12-11 17:20:37.260457,-10.2427924334966,43.8899178376559
2016-12-12 07:48:44.854568,-11.4996249070908,42.1577678142689
2016-12-12 17:31:08.799954,-10.4839944249845,40.6805282823362
2016-12-13 07:41:05.448331,-11.6812759288135,38.8653778696856
2016-12-13 17:41:12.065256,-11.9370322057171,39.207979719307
2016-12-14 07:43:36.80396,-11.8528001314684,39.293394805133
2016-12-14 17:41:00.286704,-11.7557846569392,39.1111286365276
2016-12-15 07:43:19.038587,-11.4836815412835,39.481383672047
2016-12-15 17:39:18.551669,-9.8953816218297,37.0175919392951
2016-12-16 07:31:05.448331,-10.671362629609,35.7400465689708
2016-12-16 17:46:00.286704,-10.3985687493633,35.2666926055813
2016-12-17 07:29:23.713296,-10.2601152343822,35.472466423642
2016-12-17 17:45:23.132962,-10.4107219862479,35.6996926266823
2016-12-18 07:31:05.448331,-10.8396114501998,34.9761812488477
2016-12-18 17:49:18.551669,-10.5262202272598,34.4384666084738
2016-12-19 07:29:04.524276,-8.67812242684391,37.4202780211495
2016-12-19 17:35:00.763812,-7.61862399699316,35.7234132872087
2016-12-20 07:21:05.448331,-9.34323129845939,32.8091088226303
2016-12-20 17:49:18.551669,-9.66969959398745,33.371570957791
2016-12-21 07:24:11.934744,-9.69565804132372,33.3258087971494
2016-12-21 17:50:00.763812,-12.0308837491463,37.1702165774243
2016-12-22 07:43:22.993821,-11.4407003045526,38.0883340335794
2016-12-22 17:45:47.148245,-11.9207731278783,38.8225231439027
2016-12-23 07:47:43.275964,-8.89019780783354,43.0810744326802
2016-12-23 17:22:01.730512,-8.32104347652881,42.3401840906335
2016-12-24 07:43:39.725343,-11.8025273430014,37.2990595529166
2016-12-24 17:50:23.132962,-10.5730679365755,35.3421351714106
2016-12-25 07:34:19.056592,-8.21149830010097,39.0688350687899
2016-12-25 17:31:58.828927,-8.10582964112666,38.9353434587983
2016-12-26 07:33:57.896855,-9.87307282507294,36.2095013159969
2016-12-26 17:46:36.923866,-9.28867394396536,35.2818107513218
2016-12-27 07:29:46.739543,-7.19943319670892,38.6287466116062
2016-12-27 17:30:23.132962,-8.55193501679116,40.6583872248577
2016-12-28 07:41:05.448331,-11.5684586816919,36.0833906736006
2016-12-28 17:55:00.763812,-11.7992584888717,36.4982301133555
2016-12-29 07:43:25.362573,-10.6608003092956,38.3373876115849
2016-12-29 17:46:23.121927,-10.1747902688524,37.6273457503736
2016-12-30 07:40:00.867038,-11.5070917896036,35.518271223972
2016-12-30 17:57:31.601496,-10.6731720212604,34.1543874886991
2016-12-31 07:33:49.063768,-9.96370340070945,35.4131900836044
2016-12-31 17:52:19.435089,-10.528057489257,36.4054824749298
2017-01-01 07:38:48.36513,-8.38216087699584,39.8259258189982
2017-01-01 17:35:37.260457,-10.1551854014403,42.437981786306
2017-01-02 07:53:27.69429,-10.145113665594,42.5206230089369
2017-01-02 17:36:00.286704,-9.6567731581722,41.9115851669592
2017-01-03 07:50:00.867038,-10.9289566600319,40.1374154813308
2017-01-03 17:46:38.628935,-9.13224488777877,37.4120668387909
2017-01-04 07:36:05.448331,-10.2335368724907,35.6582447431715
2017-01-04 17:55:54.521726,-11.7811491256088,38.2891210597742
2017-01-05 07:48:55.401674,-9.95719932188547,41.1647531230959
2017-01-05 17:41:45.444111,-10.5321575045097,42.088142987815
2017-01-06 07:53:57.896855,-12.2978490835291,39.5479795714937
2017-01-06 17:56:19.475724,-9.79827855196902,35.5289239336975
2017-01-07 07:34:23.713296,-10.8303107119702,33.7867609974283
2017-01-07 18:05:00.763812,-11.3191008250424,34.7599189987607
2017-01-08 07:38:43.886773,-10.4749189142975,36.3364189508529
2017-01-08 17:58:40.702864,-9.81763824895484,35.288656932452
2017-01-09 07:33:53.271851,-10.4697615651282,34.2170371434254
2017-01-09 18:04:18.551669,-11.0398536659421,35.3530069722048
2017-01-10 07:38:51.425466,-8.80798701579818,39.2624501426349
2017-01-10 17:46:51.148686,-9.45035254451687,40.4064972011563
2017-01-11 07:44:23.713296,-10.0219698918015,39.617395520578
2017-01-11 17:51:49.222714,-9.86639913472465,39.4896311206963
2017-01-12 07:43:32.299552,-9.74104931728914,39.8211991380279
2017-01-12 17:51:12.065256,-10.9997761499512,41.9387204197931
2017-01-13 07:53:59.317347,-12.1508845369482,40.2639746901037
2017-01-13 18:00:47.148245,-11.0300826057689,38.5353682256905
2017-01-14 07:45:23.236188,-10.4312346891284,39.685128334157
2017-01-14 17:56:21.397749,-7.9752050491324,35.4860594809492
2017-01-15 07:26:05.448331,-8.59506179788491,34.4482099228582
2017-01-15 18:01:40.113227,-7.92702168221075,33.2790876071113
2017-01-16 07:21:05.448331,-9.46417259111035,30.2540566886696
2017-01-16 18:14:18.551669,-12.2908246304375,36.0728774283675
2017-01-17 07:44:02.602251,-10.0186585625011,40.2958676662889
2017-01-17 17:56:27.402217,-7.53490898886588,35.9772309099057
2017-01-18 07:24:29.478274,-7.55711802439811,36.0945942120832
2017-01-18 17:56:57.098896,-10.917947170395,42.2273942558717
2017-01-19 07:51:41.646206,-12.0862233958237,40.4430586891638
2017-01-19 18:06:36.296712,-11.8856557365757,40.2730608787146
2017-01-20 07:50:23.236188,-12.4234737169596,39.4990509110826
2017-01-20 18:11:12.065256,-11.0414082928993,37.0953450940298
2017-01-21 07:39:36.851755,-10.4045438157978,38.495516482975
2017-01-21 18:06:23.121927,-11.4000695030197,40.5170577981084
2017-01-22 07:47:51.174535,-9.53174607707763,43.9024278399247
2017-01-22 17:51:42.211905,-7.16205469224769,39.9994913769862
2017-01-23 07:29:09.129081,-8.9865686134641,36.6665801378323
2017-01-23 18:06:33.409991,-8.36114862691272,35.5721603900256
2017-01-24 07:24:23.713296,-8.34184252769455,35.8135486749511
2017-01-24 18:06:38.628935,-8.43656550918797,36.2190506489287
2017-01-25 07:25:23.236188,-9.36606632363072,34.4228072427349
2017-01-25 18:14:18.551669,-9.83938546206457,35.6694814944629
2017-01-26 07:29:23.713296,-9.97649185397535,35.586869006818
2017-01-26 18:15:37.260457,-11.1138742148683,38.2341892571833
2017-01-27 07:38:42.175921,-9.80945172211727,41.0758460012789
2017-01-27 18:05:23.132962,-9.80834513187938,41.3176539784669
2017-01-28 07:38:53.271851,-8.48842364778193,44.0252522248423
2017-01-28 17:55:00.763812,-6.77853075236084,41.0496970249605
2017-01-29 07:25:23.236188,-10.0357465450149,34.1960494725459
2017-01-29 18:21:14.870919,-9.91829074939176,34.1535634453562
2017-01-30 07:24:36.851755,-9.79046112275927,34.7044093150364
2017-01-30 18:20:23.132962,-10.9761085677862,37.7251972452215
2017-01-31 07:34:15.200046,-9.87010005272839,40.4181651390042
2017-01-31 18:11:41.002573,-7.99560909515844,36.4717016228046
2017-02-01 07:19:23.713296,-7.37685619168735,38.1919266395095
2017-02-01 18:06:51.962406,-8.57557119896347,41.1487618738622
2017-02-02 07:29:06.68102,-10.115913395405,37.9666929401024
2017-02-02 18:19:18.551669,-11.2715364751847,40.9108341302009
2017-02-03 07:38:28.129814,-12.0178244148349,39.5230704083174
2017-02-03 18:25:23.132962,-13.371280553559,42.8579684590728
2017-02-04 07:49:23.713296,-11.6959964237346,46.5722445942782
2017-02-04 18:12:04.464634,-7.33806285788052,37.2033818724206
2017-02-05 07:14:36.851755,-9.13487091594072,32.6626182443229
2017-02-05 18:26:31.682279,-9.31055384462223,33.4607643071646
2017-02-06 07:16:05.448331,-9.86202692836235,32.1711828627405
2017-02-06 18:31:00.286704,-9.22985188287862,30.5705463719904
2017-02-07 07:11:05.448331,-8.66386602566854,32.5884471299593
2017-02-07 18:26:31.682279,-10.2142372657401,37.3678651772577
2017-02-08 07:23:32.299552,-10.8166425746762,36.0306841119645
2017-02-08 18:31:23.121927,-9.12233381071252,31.2418282063239
2017-02-09 07:10:00.867038,-8.94766887647779,32.1259348093285
2017-02-09 18:30:00.763812,-12.0704220017367,41.529227952025
2017-02-10 07:35:00.867038,-12.7906023043795,39.999397540273
2017-02-10 18:35:47.148245,-9.79957682045671,31.227175070095
2017-02-11 07:11:05.448331,-9.2420976141218,33.4376991742698
2017-02-11 18:31:19.475724,-10.8523985234697,38.8602233912163
2017-02-12 07:23:57.896855,-10.8679760420808,39.2317100281345
2017-02-12 18:31:26.103145,-11.5973654735331,41.7843731492336
2017-02-13 07:29:46.739543,-12.7489853991477,38.8138375353455
2017-02-13 18:40:37.260457,-10.7385100679571,32.4923132888385
2017-02-14 07:13:39.725343,-9.62124069466034,36.8031813526733
2017-02-14 18:31:38.628935,-10.5555827648215,40.304416665451
2017-02-15 07:21:05.448331,-11.2988274363917,38.3649451903789
2017-02-15 18:37:32.282449,-10.392756428689,35.6715709167525
2017-02-16 07:13:47.076134,-10.8066954182194,34.6073354857388
2017-02-16 18:40:47.148245,-12.2658340456908,40.31934474946
2017-02-17 07:25:23.236188,-12.8796993079656,38.7028069739419
2017-02-17 18:45:37.260457,-12.6647030327957,38.4457762802715
2017-02-18 07:23:35.146514,-12.0211139048675,41.2926741678106
2017-02-18 18:40:23.132962,-9.54277704336687,32.1393873526808
2017-02-19 07:03:40.041158,-10.1801224725394,29.7930476282192
2017-02-19 18:45:23.132962,-9.87105068888206,28.8308712657223
2017-02-20 07:01:05.448331,-10.1592435195577,27.9207160944091
2017-02-20 18:47:34.881821,-10.5232965812767,30.1805299484158
2017-02-21 07:03:53.271851,-10.2638487800263,31.9612062350333
2017-02-21 18:45:23.132962,-11.5194733275968,38.3246578585467
2017-02-22 07:13:48.36513,-11.6229612641229,38.5166130154693
2017-02-22 18:46:04.943408,-12.2752952205974,42.0223626293349
2017-02-23 07:18:53.271851,-12.8603448326115,40.1891784036797
2017-02-23 18:50:37.260457,-10.3784067035332,28.1698580875967
2017-02-24 06:58:53.271851,-7.24255523087118,44.5249586928508
2017-02-24 18:25:23.132962,-9.07097568612198,52.2925569667538
2017-02-25 07:13:21.435461,-11.7127827670058,42.5001951705654
2017-02-25 18:46:21.397749,-9.34526458857783,30.3669576630266
2017-02-26 06:54:15.200046,-9.87026018604269,27.7186897183077
2017-02-26 18:50:23.132962,-9.85091079681013,28.2476618380915
2017-02-27 06:53:55.401674,-9.3795020171666,32.0712694589178
2017-02-27 18:46:26.103145,-9.41753202911451,33.1187181973191
2017-02-28 06:54:02.602251,-8.87740124358839,37.5119602637069
2017-02-28 18:41:55.56339,-7.81935369719304,31.1764679739884
2017-03-01 06:45:23.236188,-9.00937334295458,22.7920512460409
2017-03-01 18:51:14.870919,-9.49560988565486,27.4349610978502
2017-03-02 06:49:04.524276,-9.62247456731791,27.2033193898061
2017-03-02 18:52:03.438816,-9.71599745748523,28.8579339277553
2017-03-03 06:49:36.851755,-10.1121348657407,26.2479728274768
2017-03-03 18:55:00.763812,-10.3238708453795,29.1117230852852
2017-03-04 06:51:05.448331,-10.4634871887305,28.7988914362068
2017-03-04 18:55:54.521726,-10.1965793141965,27.1621978769602
2017-03-05 06:48:43.886773,-10.1596850513276,28.6062831022942
2017-03-05 18:55:23.132962,-10.3956393497941,32.3543856206259
2017-03-06 06:50:23.236188,-11.0501163563858,26.1752600348749
2017-03-06 19:00:23.132962,-11.3786727688112,31.3900891755091
2017-03-07 06:52:46.621294,-10.9493212589646,38.2866304104233
2017-03-07 18:56:42.58614,-8.80581889795928,11.1934564570247
2017-03-08 06:35:23.236188,-9.78689046001335,-0.980492573392054
2017-03-08 19:04:18.551669,-9.90618939231979,0.475059080187926
2017-03-09 06:36:05.448331,-8.97332776396661,14.0533103279628
2017-03-09 18:56:35.63487,-9.37093211791898,21.712686497861
2017-03-10 06:39:00.878073,-10.5319366882777,3.05723510185969
2017-03-10 19:05:37.260457,-10.5877124573666,4.12687554794417
2017-03-11 06:39:11.934744,-9.52451326337609,26.1376984823744
2017-03-11 18:56:51.148686,-8.54418009576341,6.20310050833925
2017-03-12 06:31:05.448331,-9.64469275340991,-12.2353785321882
2017-03-12 19:05:23.132962,-10.0283482336643,-6.85763158362782
2017-03-13 06:33:53.271851,-9.30290697112906,7.96226323453654
2017-03-13 18:59:18.551669,-9.9523085886795,31.3550683030649
2017-03-14 06:38:48.36513,-10.8241912635809,3.16549189091094
2017-03-14 19:06:00.286704,-12.0696574237661,NA
2017-03-15 06:48:29.2696,-13.1431704542005,10.4000307827585
2017-03-15 19:14:18.551669,-10.7407627153328,-36.0380082732056
2017-03-16 06:28:59.317347,-9.52621154344627,-21.8625762510366
2017-03-16 19:04:18.551669,-10.1261683298788,-10.0841739514258
2017-03-17 06:33:30.015515,-9.79996006189037,1.66141595533583
2017-03-17 19:01:24.682653,-9.30525356493956,-17.3030859572046
2017-03-18 06:29:15.200046,-9.36152173547021,-20.4968755068559
2017-03-18 19:01:34.195833,-9.30076681369633,-23.9824660083971
2017-03-19 06:28:28.479683,-9.27656811895815,-25.6278854814007
2017-03-19 19:01:04.943408,-7.00545700451136,-54.7428277320208
2017-03-20 06:10:00.867038,-4.32710674948044,-0.472170067825124
2017-03-20 18:39:21.83219,-4.17712807420929,19.608639395894
2017-03-21 06:08:31.070841,-3.79440276855894,NA
2017-03-21 18:36:00.286704,-2.7391606440043,31.1038795541122
2017-03-22 05:59:46.739543,-1.56631819954487,NA
2017-03-22 18:26:19.475724,-2.71144057424954,NA
2017-03-23 06:08:38.284651,-4.70280507086989,19.4505125171688
2017-03-23 18:41:57.098896,-4.54886247819667,21.0460842326137
2017-03-24 06:07:06.349495,-4.39073569713469,16.70028501615
2017-03-24 18:40:23.132962,-3.45227591954244,29.8004309822248
2017-03-25 05:59:17.88626,-3.63963314359495,30.6318797229538
2017-03-25 18:41:34.936232,-3.57166995071657,30.103827756053
2017-03-26 05:58:27.154929,-3.55496153788056,28.7281002572857
2017-03-26 18:41:08.799954,-1.64489175619417,42.9498995396542
2017-03-27 05:42:52.398504,-2.96893970199352,48.7975745877869
2017-03-27 18:51:26.103145,-1.88536691988725,52.2218642764809
2017-03-28 05:33:54.297358,-1.23209347409272,48.7045485100614
2017-03-28 18:45:54.521726,-0.638602411616546,50.1528858739787
2017-03-29 05:28:51.425466,-0.770179192603621,49.7548271680765
2017-03-29 18:46:39.639807,0.363286065209081,52.7895356381321
2017-03-30 05:19:29.478274,0.619864399062408,51.1485608965028
2017-03-30 18:44:18.551669,-0.655721344027029,45.5923110390093
2017-03-31 05:29:23.713296,-2.17294242250728,50.3325577115936
2017-03-31 18:56:08.799954,-1.03724137096117,52.9751167325671
2017-04-01 05:20:00.867038,-1.46964433673401,53.4185175647848
2017-04-01 18:59:18.551669,-0.390857486918321,55.3791377988395
2017-04-02 05:11:05.448331,-0.612213178086449,55.2242932197736
2017-04-02 19:00:47.148245,-0.484821590824879,54.8663177676597
2017-04-03 05:09:46.739543,-0.738915975545126,54.7991525614146
2017-04-03 19:02:31.601496,-1.47639168502025,52.465841858711
2017-04-04 05:15:23.236188,-2.56045005502608,54.3239324676506
2017-04-04 19:10:54.521726,-1.8746149993857,55.1605746547098
2017-04-05 05:09:36.851755,-1.84492732252079,54.5277598831324
2017-04-05 19:10:23.132962,-1.18799272278517,55.2606440233708
2017-04-06 05:04:04.524276,-1.32525802880662,54.9753419731919
2017-04-06 19:11:12.065256,-0.581487677991788,55.806621574621
2017-04-07 04:57:50.728843,-1.09288521825408,56.1758036681873
2017-04-07 19:15:00.763812,-1.39871423225077,55.1373701174241
2017-04-08 05:00:00.867038,-0.388868951991753,52.7470676091844
2017-04-08 19:06:39.639807,-0.357615498480982,52.2965864684712
2017-04-09 04:59:29.478274,-0.810541681996142,52.6717396044838
2017-04-09 19:10:00.763812,0.206101389232231,54.0332482780167
2017-04-10 04:51:05.448331,0.580395108627499,52.8957070898295
2017-04-10 19:06:45.164655,0.711357824168488,52.6600618097814
2017-04-11 04:49:46.739543,-0.43006142918216,54.1527340299487
2017-04-11 19:15:37.260457,-0.983129294504181,52.7737211256072
